match_id,time_stamp,title,tour,round,surface,winner,predict,prediction_roi,player1_name,player1_country,player1_height,player1_weight,player1_age,player1_current_rank,player1_highest_rank,player1_year_total_win,player1_year_total_lose,player1_year_surface_win,player1_year_surface_lose,player1_career_total_win,player1_career_total_lose,player1_career_surface_win,player1_career_surface_lose,player1_roi,player1_H2H,player1_elo,player1_odds,player1_latest_win,player2_name,player2_country,player2_height,player2_weight,player2_age,player2_current_rank,player2_highest_rank,player2_year_total_win,player2_year_total_lose,player2_year_surface_win,player2_year_surface_lose,player2_career_total_win,player2_career_total_lose,player2_career_surface_win,player2_career_surface_lose,player2_roi,player2_H2H,player2_elo,player2_odds,player2_latest_win,strong_predict
2063992,2022-04-01-03-10,Miami,atp,quarterfinal,hard,2,2,2.93,Daniil Medvedev,Russia,198,83,26,2,1,16,4,16,4,403,169,171,58,-1.18,2,2127,1.3,7,Hubert Hurkacz,Poland,196,81,25,10,9,13,5,12,4,288,178,143,65,1.21,1,1894,3.93,8
2064008,2022-04-01-09-00,Miami,atp,quarterfinal,hard,1,1,0.19,Carlos Alcaraz,Spain,185,72,18,16,16,15,2,9,2,131,40,37,12,3.38,0,2049,1.19,9,Miomir Kecmanovic,Serbia,183,75,22,48,38,19,6,12,3,227,145,98,62,13.31,0,1777,5.39,8
2063996,2022-04-01-05-40,Miami,wta,semifinal,hard,2,2,0.48,Belinda Bencic,Switzerland,175,63,25,28,4,9,5,7,4,351,187,170,93,-0.78,4,1907,3.02,6,Naomi Osaka,Japan,180,69,24,77,1,10,2,10,2,281,150,194,93,0.62,1,1978,1.48,8
2064398,2022-04-01-12-05,Miami,wta,semifinal,hard,2,2,0.22,Jessica Pegula,USA,170,70,28,21,14,11,6,11,6,331,206,185,103,2.84,1,1918,4.85,7,Iga Swiatek,Poland,176,65,20,2,2,24,3,24,3,184,51,73,26,7.03,0,2127,1.22,10
