match_id,time_stamp,title,tour,round,surface,winner,player1_H2H,prediction_roi,player1_odds,player1_latest_win,player2_H2H,player2_odds,player2_latest_win,player1_name,player1_country,player1_height,player1_weight,player1_age,player1_current_rank,player1_highest_rank,player1_year_total_win,player1_year_total_lose,player1_year_surface_win,player1_year_surface_lose,player1_career_total_win,player1_career_total_lose,player1_career_surface_win,player1_career_surface_lose,player1_roi,player1_elo,player2_name,player2_country,player2_height,player2_weight,player2_age,player2_current_rank,player2_highest_rank,player2_year_total_win,player2_year_total_lose,player2_year_surface_win,player2_year_surface_lose,player2_career_total_win,player2_career_total_lose,player2_career_surface_win,player2_career_surface_lose,player2_roi,player2_elo,predict,strong_predict
2254269,2022-12-09-20-40,Angers WTA,wta,quarterfinal,indoors,2,1,1.61,1.52,9,0,2.61,7,Clara Tauson,Denmark,-,-,19,132,33,22,16,12,2,161,58,58,9,-5.74,1729,Anhelina Kalinina,Ukraine,179,70,25,53,34,28,21,7,2,321,167,69,31,4.8,1753,2,False
2254255,2022-12-09-22-30,Angers WTA,wta,quarterfinal,indoors,1,0,2.68,3.68,9,0,1.29,8,Alycia Parks,USA,-,-,21,100,100,33,30,15,3,212,170,18,11,13.96,1493,Marketa Vondrousova,Czech Republic,172,59,23,97,14,21,6,7,2,231,95,56,11,2.87,1888,1,False
2254271,2022-12-10-01-00,Angers WTA,wta,quarterfinal,indoors,1,0,-1,2.09,4,0,1.77,7,Jessika Ponchet,France,-,-,26,172,152,34,24,10,10,288,209,79,60,-2.24,1487,Clara Burel,France,-,-,21,125,74,22,27,4,2,116,84,32,15,2.25,1560,2,False
2254313,2022-12-10-17-30,Dubai ITF,wta,semifinal,hard,1,0,-1,1.67,5,1,2.26,9,Magdalena Frech,Poland,-,-,24,118,82,40,36,22,18,370,237,125,80,-13.5,1643,Viktoria Kuzmova,Slovakia,180,61,24,147,43,43,24,22,11,333,181,172,76,1.44,1584,2,False
2254347,2022-12-10-19-00,Dubai ITF,wta,semifinal,hard,2,0,-1,2.49,6,2,1.56,7,Carole Monnet,France,-,-,21,225,215,39,36,15,10,201,124,109,42,-5.75,1307,Elsa Jacquemot,France,-,-,19,204,171,34,31,8,5,78,74,10,11,-9.36,1362,1,False
