match_id,time_stamp,title,tour,round,surface,winner,predict,prediction_roi,player1_name,player1_country,player1_height,player1_weight,player1_age,player1_current_rank,player1_highest_rank,player1_year_total_win,player1_year_total_lose,player1_year_surface_win,player1_year_surface_lose,player1_career_total_win,player1_career_total_lose,player1_career_surface_win,player1_career_surface_lose,player1_roi,player1_H2H,player1_elo,player1_odds,player1_latest_win,player2_name,player2_country,player2_height,player2_weight,player2_age,player2_current_rank,player2_highest_rank,player2_year_total_win,player2_year_total_lose,player2_year_surface_win,player2_year_surface_lose,player2_career_total_win,player2_career_total_lose,player2_career_surface_win,player2_career_surface_lose,player2_roi,player2_H2H,player2_elo,player2_odds,player2_latest_win,strong_predict
2023014,2022-01-20-10-30,Australian Open,atp,2. round,hard,1,1.31,0.38,Daniel Evans,Great Britain,175,75,31,24,22,6,1,6,1,548,332,241,134,0,0,1832,1.38,7,Arthur Rinderknech,France,196,86,26,48,48,6,3,6,3,221,129,67,31,0,0,1669,3.3,6
2022804,2022-01-20-09-10,Australian Open,atp,2. round,hard,2,1.77,0.11,Norbert Gombos,Slovakia,193,85,31,117,80,4,1,4,1,513,363,97,80,0,0,1616,7.87,6,Marin Cilic,Croatia,198,89,33,27,3,5,2,5,2,669,358,252,140,0,1,1849,1.11,5
2022976,2022-01-20-09-15,Australian Open,atp,2. round,hard,2,1.59,0.71,Tomas Machac,Czech Republic,183,73,21,132,130,9,0,9,0,144,72,20,6,0,0,1702,2.26,10,Maxime Cressy,USA,201,88,24,70,70,9,2,9,2,176,106,93,55,0,1,1741,1.71,8
2022972,2022-01-20-09-15,Australian Open,atp,2. round,hard,1,1.28,0.06,Andrey Rublev,Russia,188,70,24,6,5,1,0,1,0,341,193,128,69,0,1,1932,1.06,7,Ricardas Berankis,Lithuania,175,77,31,93,50,4,1,4,1,555,352,237,152,0,1,1708,12.65,7
2022798,2022-01-20-09-15,Australian Open,wta,2. round,hard,1,1.75,-1,Alize Cornet,France,173,60,31,61,11,1,2,1,2,528,412,206,171,0,2,1773,5.89,5,Garbine Muguruza,Spain,182,73,28,3,1,2,1,2,1,459,231,236,112,0,3,2025,1.16,7
2023004,2022-01-20-09-10,Australian Open,wta,2. round,hard,2,1.66,0.47,Ana Konjuh,Croatia,174,65,24,58,20,5,2,5,2,217,131,77,54,0,0,1760,2.88,6,Danielle Collins,USA,178,64,28,30,23,1,0,1,0,193,118,115,77,0,1,-,1.47,7
2022978,2022-01-20-09-10,Australian Open,wta,2. round,hard,2,1.6,3.08,Anett Kontaveit,Estonia,174,65,26,7,7,4,1,4,1,385,186,156,89,0,0,2056,1.28,7,Clara Tauson,Denmark,-,-,19,39,39,3,1,3,1,142,43,50,11,0,0,1920,4.08,7
2022812,2022-01-20-09-10,Australian Open,wta,2. round,hard,1,1.27,0.09,Iga Swiatek,Poland,176,65,20,9,4,4,1,4,1,164,49,53,24,0,1,1982,1.09,6,Rebecca Peterson,Sweden,173,65,26,82,43,5,2,5,2,305,181,148,78,0,0,1743,8.89,6
2022820,2022-01-20-09-05,Australian Open,wta,2. round,hard,1,1.27,0.53,Marketa Vondrousova,Czech Republic,172,59,22,41,14,2,1,2,1,212,90,70,38,0,0,1938,1.53,6,Ludmilla Samsonova,Russia,180,67,23,37,37,3,2,3,2,249,146,63,38,0,1,1850,2.65,6
2022806,2022-01-20-09-10,Australian Open,atp,2. round,hard,2,1.23,-1,Diego Schwartzman,Argentina,170,64,29,13,8,3,1,3,1,579,331,90,77,0,0,1912,1.19,6,Christopher O'Connell,Australia,183,78,27,175,111,3,2,3,2,291,172,124,86,0,0,-,5.39,5
2023012,2022-01-20-12-45,Australian Open,atp,2. round,hard,2,1.77,0.26,Kamil Majchrzak,Poland,180,78,26,107,83,4,0,4,0,340,188,57,34,0,0,1723,4.29,7,Alex De Minaur,Australia,183,69,22,42,15,3,1,3,1,237,138,113,59,0,0,1798,1.26,5
2022802,2022-01-20-12-30,Australian Open,atp,2. round,hard,1,1.18,0.12,Roberto Bautista-Agut,Spain,183,75,33,18,9,5,1,5,1,711,423,282,135,0,2,-,1.12,6,Philipp Kohlschreiber,Germany,178,70,38,134,16,1,0,1,0,681,503,209,152,0,3,1726,7.68,6
2022998,2022-01-20-11-10,Australian Open,atp,2. round,hard,2,1.76,0.32,Frances Tiafoe,USA,188,86,24,34,29,1,2,1,2,274,196,121,94,0,1,1856,3.72,5,Harry Fritz Taylor,USA,193,86,24,22,22,3,1,3,1,274,190,172,104,0,2,-,1.32,5
2022992,2022-01-20-10-55,Australian Open,atp,2. round,hard,2,1.37,-1,Alex Molcan,Slovakia,178,73,24,74,74,3,1,3,1,214,120,52,25,0,0,1778,1.53,8,Pablo Andujar,Spain,180,80,35,83,32,1,1,1,1,566,469,49,99,0,0,1643,2.69,4
2022974,2022-01-20-13-05,Australian Open,wta,2. round,hard,1,1.82,-1,Shuai Zhang,China,177,66,32,74,23,1,2,1,2,529,373,380,235,0,0,1691,5.43,5,Elena Rybakina,Kazakhstan,184,73,22,12,12,6,1,6,1,209,99,84,44,0,2,1928,1.18,6
2022816,2022-01-20-12-30,Australian Open,wta,2. round,hard,2,1.77,0.27,Magda Linette,Poland,171,59,29,53,33,1,1,1,1,419,302,167,128,0,2,1765,4.15,6,Darya Kasatkina,Russia,170,62,24,23,10,7,2,7,2,272,149,111,78,0,1,1884,1.27,7
2022980,2022-01-20-12-10,Australian Open,wta,2. round,hard,1,1.38,0.53,Tamara Zidansek,Slovenia,167,80,24,29,29,4,1,4,1,270,123,64,49,0,1,1702,1.53,5,Heather Watson,Great Britain,170,64,29,94,38,3,2,3,2,372,289,183,155,0,0,1629,2.65,3
2022818,2022-01-20-11-20,Australian Open,wta,2. round,hard,2,1.73,0.08,Samantha Stosur,Australia,172,65,37,487,4,1,1,1,1,590,445,319,248,0,5,1613,9.82,1,Anastasia Pavlyuchenkova,Russia,177,72,30,11,11,1,0,1,0,464,317,241,174,0,4,1873,1.08,5
2022808,2022-01-20-11-15,Australian Open,wta,2. round,hard,1,1.35,0.4,Elise Mertens,Belgium,179,67,26,26,12,2,1,2,1,368,198,204,91,0,2,1899,1.40,5,Irina Begu,Romania,181,67,31,64,22,3,1,3,1,468,315,140,127,0,0,-,3.18,6
2022800,2022-01-20-11-10,Australian Open,wta,2. round,hard,1,1.24,0.33,Sorana-Mihaela Cirstea,Romania,176,59,31,38,21,2,2,2,2,490,368,221,168,0,1,-,1.33,5,Kristina Kucova,Slovakia,163,59,31,96,71,2,2,2,2,457,343,133,117,0,0,1595,3.63,6
2023010,2022-01-20-11-05,Australian Open,wta,2. round,hard,2,1.72,0.27,Xinyu Wang,China,182,75,20,100,99,2,2,2,2,138,85,88,56,0,0,-,4.10,6,Aryna Sabalenka,Belarus,182,80,23,2,2,1,2,1,2,280,141,163,67,0,0,1985,1.27,4
2022814,2022-01-20-10-50,Australian Open,wta,2. round,hard,2,0.0,0,Hailey Baptiste,USA,-,-,20,165,160,5,1,5,1,99,61,54,36,0,0,1475,1.84,5,Maddison Inglis,Australia,171,59,24,133,112,4,2,4,2,202,131,174,105,0,0,1469,2.06,4
2023000,2022-01-20-13-05,Australian Open,atp,2. round,hard,2,1.76,0.24,Alejandro Davidovich Fokina,Spain,183,80,22,50,32,1,1,1,1,198,129,79,45,0,0,1774,4.56,5,Felix Auger Aliassime,Canada,193,88,21,9,9,4,2,4,2,229,138,79,55,0,1,1910,1.24,6
2022810,2022-01-20-15-45,Australian Open,atp,2. round,hard,2,1.79,0.25,Richard Gasquet,France,183,79,35,81,7,1,0,1,0,722,398,260,156,0,0,1739,4.52,4,Van De Zandschulp,Netherlands,188,83,26,57,56,3,2,3,2,284,141,31,14,0,0,1850,1.25,7
2022970,2022-01-20-14-10,Australian Open,atp,2. round,hard,2,1.21,-1,Grigor Dimitrov,Bulgaria,191,81,30,28,3,3,1,3,1,521,313,218,131,0,1,1882,1.15,6,Benoit Paire,France,196,80,32,56,18,1,2,1,2,545,448,136,130,0,3,1645,6.50,2
2023018,2022-01-20-13-20,Australian Open,atp,2. round,hard,2,1.76,0.05,Sebastian Baez,Argentina,170,70,21,88,88,5,3,5,3,165,66,26,9,0,0,1709,13.79,7,Stefanos Tsitsipas,Greece,193,89,23,4,3,2,1,2,1,379,184,160,88,0,0,1988,1.05,5
2023006,2022-01-20-14-15,Australian Open,wta,2. round,hard,1,1.66,-1,Kaia Kanepi,Estonia,181,74,36,115,15,2,1,2,1,541,311,183,133,0,1,1775,1.75,6,Marie Bouzkova,Czech Republic,180,61,23,86,46,4,1,4,1,267,154,178,81,0,1,1702,2.19,6
2022982,2022-01-20-15-45,Australian Open,atp,2. round,hard,2,1.25,-1,Andy Murray,Great Britain,190,83,34,113,1,5,2,5,2,811,269,393,124,0,1,1809,1.33,7,Taro Daniel,Japan,191,80,28,120,64,7,1,7,1,514,328,143,107,0,0,1610,3.7,7
2023002,2022-01-20-17-15,Australian Open,atp,2. round,hard,2,1.67,0.17,Nick Kyrgios,Australia,193,85,26,115,13,1,0,1,0,258,145,158,87,0,2,1784,5.9,4,Daniil Medvedev,Russia,198,83,25,2,2,4,1,4,1,391,166,159,55,0,0,2148,1.17,9
2023032,2022-01-20-17-20,Australian Open,wta,2. round,hard,1,0.0,0,Danka Kovinic,Montenegro,169,67,27,98,46,3,2,3,2,359,263,105,113,0,0,1592,5.53,4,Emma Raducanu,Great Britain,-,-,19,18,18,1,1,1,1,94,30,55,12,0,0,1868,1.18,6
