match_id,time_stamp,title,tour,round,surface,winner,predict,prediction_roi,player1_name,player1_country,player1_height,player1_weight,player1_age,player1_current_rank,player1_highest_rank,player1_year_total_win,player1_year_total_lose,player1_year_surface_win,player1_year_surface_lose,player1_career_total_win,player1_career_total_lose,player1_career_surface_win,player1_career_surface_lose,player1_roi,player1_H2H,player1_elo,player1_odds,player1_latest_win,player2_name,player2_country,player2_height,player2_weight,player2_age,player2_current_rank,player2_highest_rank,player2_year_total_win,player2_year_total_lose,player2_year_surface_win,player2_year_surface_lose,player2_career_total_win,player2_career_total_lose,player2_career_surface_win,player2_career_surface_lose,player2_roi,player2_H2H,player2_elo,player2_odds,player2_latest_win,strong_predict
2147465,2022-07-22-20-50,Gstaad,atp,quarterfinal,clay,2,2,0.21,Pedro Martinez,Spain,185,76,25,52,40,19,18,13,11,387,218,321,159,-2.87,0,1683,5.13,6,Matteo Berrettini,Italy,196,95,26,15,6,19,6,2,1,311,145,88,44,2.9,0,2008,1.21,10
2147397,2022-07-22-21-10,Hamburg WTA,wta,semifinal,clay,1,2,-1,Anett Kontaveit,Estonia,174,65,26,2,2,20,9,5,3,401,194,96,47,-1.62,1,1935,1.51,6,Anastasia Potapova,Russia,175,57,21,63,63,24,15,18,6,149,103,56,29,4.07,0,1688,2.77,7
2147189,2022-07-22-23-00,Hamburg,atp,quarterfinal,clay,2,1,-1,Alejandro Davidovich Fokina,Spain,183,80,23,35,27,18,18,11,7,215,146,103,63,2.67,0,1826,1.73,6,Lorenzo Musetti,Italy,185,75,20,62,51,23,17,17,6,140,96,89,48,1.48,0,1819,2.24,6
2147185,2022-07-23-00-10,Palermo,wta,quarterfinal,clay,2,2,0.59,Anna Bondar,Hungary,-,-,25,50,50,30,18,21,7,335,162,254,107,-2.42,0,1694,2.54,8,Sara Sorribes Tormo,Spain,176,69,25,41,32,20,12,9,4,368,230,225,107,-0.32,0,1807,1.59,6
2147555,2022-07-23-01-35,Palermo,wta,quarterfinal,clay,1,1,0.57,Irina Begu,Romania,181,67,31,45,22,20,13,10,4,485,327,279,135,3.23,0,-,1.57,7,Diane Parry,France,-,-,19,86,77,16,17,7,8,128,92,101,62,-0.08,0,1595,2.57,7
2146981,2022-07-23-02-30,Hamburg,atp,quarterfinal,clay,1,1,0.88,Alex Molcan,Slovakia,178,73,24,48,38,24,17,15,8,235,136,147,78,4.17,0,1808,1.88,6,Borna Coric,Croatia,188,85,25,183,12,11,10,10,8,283,200,85,58,-1.45,0,1792,2.02,8
2147565,2022-07-23-02-05,Gstaad,atp,quarterfinal,clay,1,2,-1,Albert Ramos-Vinolas,Spain,188,76,34,40,17,17,19,17,15,703,535,573,351,-8.05,1,-,1.89,3,Nicolas Jarry,Chile,198,90,26,118,38,29,13,28,13,332,218,264,140,0.1,2,1647,2.02,7
2147699,2022-07-23-07-30,Palermo,wta,quarterfinal,clay,1,2,-1,Lucia Bronzetti,Italy,-,-,23,78,66,27,17,11,6,252,166,154,108,3.26,0,1605,3.45,4,Caroline Garcia,France,177,61,28,48,4,22,13,6,2,402,311,116,79,20.78,0,1796,1.36,8
2148129,2022-07-23-19-10,Gstaad,atp,semifinal,clay,2,2,0.55,Dominic Thiem,Austria,185,79,28,274,3,6,9,6,9,475,242,256,94,-3.0,4,-,2.65,6,Matteo Berrettini,Italy,196,95,26,15,6,20,6,3,1,312,145,89,44,3.1,3,2008,1.55,10
2148139,2022-07-23-21-00,Hamburg WTA,wta,final,clay,2,2,1.56,Anett Kontaveit,Estonia,174,65,26,2,2,21,9,6,3,402,194,97,47,-1.15,1,1935,1.58,6,Bernarda Pera,USA,175,80,27,81,59,24,14,20,7,377,216,244,97,2.3,0,1660,2.56,10
