match_id,time_stamp,title,tour,round,surface,winner,player1_H2H,prediction_roi,player1_odds,player1_latest_win,player2_H2H,player2_odds,player2_latest_win,player1_name,player1_country,player1_height,player1_weight,player1_age,player1_current_rank,player1_highest_rank,player1_year_total_win,player1_year_total_lose,player1_year_surface_win,player1_year_surface_lose,player1_career_total_win,player1_career_total_lose,player1_career_surface_win,player1_career_surface_lose,player1_roi,player1_elo,player2_name,player2_country,player2_height,player2_weight,player2_age,player2_current_rank,player2_highest_rank,player2_year_total_win,player2_year_total_lose,player2_year_surface_win,player2_year_surface_lose,player2_career_total_win,player2_career_total_lose,player2_career_surface_win,player2_career_surface_lose,player2_roi,player2_elo,predict,strong_predict
2259441,2022-12-29-11-50,United Cup,wta,-,hard,1,1,-1,1.92,4,0,1.97,6,Madison Keys,USA,178,66,27,11,7,30,20,25,12,338,193,209,119,3.0,1882,Marie Bouzkova,Czech Republic,180,61,24,24,24,42,14,33,10,305,167,207,90,8.15,1779,2,True
2259443,2022-12-29-12-10,United Cup,wta,-,hard,2,1,0.32,3.7,3,1,1.32,6,Martina Trevisan,Italy,-,-,29,27,24,26,22,8,10,299,175,39,40,-2.06,1677,Beatriz Haddad Maia,Brazil,185,78,26,15,15,51,23,19,13,411,200,175,79,18.52,1828,2,False
2259445,2022-12-29-13-10,United Cup,wta,-,hard,1,2,0.61,1.61,5,0,2.45,2,Despina Papamichail,Greece,-,-,29,158,143,35,38,8,11,510,373,183,120,4.14,1432,Isabella Shinikova,Bulgaria,184,56,31,381,133,20,32,9,9,559,371,142,67,-19.57,1379,1,False
2259373,2022-12-29-15-45,United Cup,atp,-,hard,1,5,0.3,1.3,6,2,3.81,6,Stefanos Tsitsipas,Greece,193,89,24,4,3,64,25,19,8,441,208,177,95,-1.77,1998,Grigor Dimitrov,Bulgaria,191,81,31,28,3,27,22,10,11,545,334,225,141,-2.1,1860,1,False
2259513,2022-12-29-17-10,United Cup,atp,-,hard,2,1,-1,1.64,6,0,2.39,5,Alex De Minaur,Australia,183,69,23,24,15,47,25,17,10,281,162,127,68,1.61,1922,Cameron Norrie,Great Britain,188,82,27,14,8,52,28,27,12,329,188,207,89,-1.3,1806,1,False
2259447,2022-12-29-18-10,United Cup,wta,-,hard,1,2,-1,1.32,7,3,3.69,3,Belinda Bencic,Switzerland,175,63,25,12,4,42,18,13,9,384,200,176,98,-1.33,1958,Yulia Putintseva,Kazakhstan,163,59,27,51,27,26,21,9,11,371,282,164,148,-3.24,1761,2,True
