match_id,time_stamp,title,tour,round,surface,winner,player1_H2H,prediction_roi,player1_odds,player1_latest_win,player2_H2H,player2_odds,player2_latest_win,player1_name,player1_country,player1_height,player1_weight,player1_age,player1_current_rank,player1_highest_rank,player1_year_total_win,player1_year_total_lose,player1_year_surface_win,player1_year_surface_lose,player1_career_total_win,player1_career_total_lose,player1_career_surface_win,player1_career_surface_lose,player1_roi,player1_elo,player2_name,player2_country,player2_height,player2_weight,player2_age,player2_current_rank,player2_highest_rank,player2_year_total_win,player2_year_total_lose,player2_year_surface_win,player2_year_surface_lose,player2_career_total_win,player2_career_total_lose,player2_career_surface_win,player2_career_surface_lose,player2_roi,player2_elo,predict,strong_predict
2253329,2022-12-06-20-00,Monastir 12 ITF,wta,1. round,hard,2,0,-1,1.56,4,0,2.32,4,Nefisa Berberovic,Bosnia and Herzeg.,-,-,23,288,221,29,24,15,9,207,112,69,34,-0.06,1386,Valeria Savinykh,Russia,-,-,31,327,99,23,21,18,15,422,311,216,145,-3.05,1367,1,False
2252377,2022-12-06-21-35,Angers WTA,wta,1. round,indoors,1,0,-1,1.34,8,0,3.32,6,Clara Tauson,Denmark,-,-,19,132,33,20,16,10,2,159,58,56,9,-6.42,1729,Sabine Lisicki,Germany,178,70,33,352,12,14,8,4,2,364,277,70,39,1.47,1569,2,False
2252379,2022-12-07-00-30,Angers WTA,wta,1. round,indoors,2,2,-1,2.22,2,1,1.68,5,Dayana Yastremska,Ukraine,175,67,22,99,21,21,24,6,4,177,121,23,19,-3.45,1681,Sofia Kenin,USA,170,57,24,240,4,9,15,2,2,255,153,13,8,-9.0,1643,1,True
2252369,2022-12-07-02-15,Angers WTA,wta,1. round,indoors,2,0,3.13,1.24,5,0,4.13,4,Karolina Muchova,Czech Republic,180,80,26,154,19,11,11,4,3,262,135,50,27,-2.71,1805,Clara Burel,France,-,-,21,125,74,18,27,0,2,112,84,28,15,-1.59,1560,2,False
2252381,2022-12-07-05-05,Angers WTA,wta,1. round,indoors,1,0,0.31,1.31,6,0,3.53,4,Anhelina Kalinina,Ukraine,179,70,25,53,34,27,21,6,2,320,167,68,31,4.07,1753,Katrina Scott,USA,-,-,18,162,149,38,19,1,3,65,44,3,5,0.91,1492,1,False
2253443,2022-12-07-15-30,Dubai ITF,wta,round of 16,hard,1,0,-1,1.76,5,0,2.0,7,Elsa Jacquemot,France,-,-,19,204,171,29,31,6,5,73,74,8,11,-10.88,1362,Maria Timofeeva,Russia,-,-,19,331,326,33,19,20,9,108,51,70,29,-3.33,1294,2,False
2252949,2022-12-07-15-35,Dubai ITF,wta,round of 16,hard,2,0,-1,1.71,7,0,2.06,5,Jana Fett,Croatia,168,65,26,244,97,37,29,15,11,299,206,88,71,-8.75,1413,Carole Monnet,France,-,-,21,225,215,37,36,13,10,199,124,107,42,-10.67,1307,1,False
2252907,2022-12-07-17-00,Dubai ITF,wta,round of 16,hard,1,0,0.12,1.12,9,0,5.68,5,Diana Shnaider,Russia,-,-,18,112,109,57,16,10,3,68,21,10,3,5.8,1662,Timea Babos,Hungary,179,68,29,365,25,24,25,14,10,399,311,181,151,-13.76,1477,1,False
2253043,2022-12-07-18-00,Angers WTA,wta,1. round,indoors,1,0,4.74,5.74,7,0,1.15,4,Magali Kempen,Belgium,-,-,25,224,224,43,23,19,8,241,133,32,17,6.83,1393,Alison Van Uytvanck,Belgium,173,63,28,55,37,23,17,4,3,381,257,135,54,-7.78,1748,1,False
