match_id,time_stamp,title,tour,round,surface,winner,predict,prediction_roi,player1_name,player1_country,player1_height,player1_weight,player1_age,player1_current_rank,player1_highest_rank,player1_year_total_win,player1_year_total_lose,player1_year_surface_win,player1_year_surface_lose,player1_career_total_win,player1_career_total_lose,player1_career_surface_win,player1_career_surface_lose,player1_roi,player1_H2H,player1_elo,player1_odds,player1_latest_win,player2_name,player2_country,player2_height,player2_weight,player2_age,player2_current_rank,player2_highest_rank,player2_year_total_win,player2_year_total_lose,player2_year_surface_win,player2_year_surface_lose,player2_career_total_win,player2_career_total_lose,player2_career_surface_win,player2_career_surface_lose,player2_roi,player2_H2H,player2_elo,player2_odds,player2_latest_win,strong_predict
2062730,2022-03-30-01-00,Miami,atp,round of 16,hard,1,2,-1,Casper Ruud,Norway,183,77,23,8,8,10,3,5,2,282,164,59,42,0.04,2,1954,1.67,8,Cameron Norrie,Great Britain,188,82,26,12,12,15,7,13,6,292,167,193,83,1.88,0,1961,2.33,8
2062848,2022-03-30-02-00,Miami,atp,round of 16,hard,2,1,-1,Thanasi Kokkinakis,Australia,193,84,25,97,69,16,5,15,4,239,141,162,82,5.42,1,1759,4.68,8,Alexander Zverev,Germany,198,90,24,4,3,13,4,8,3,419,215,163,84,-2.34,1,2087,1.23,7
2063536,2022-03-30-03-30,Miami,atp,round of 16,hard,1,1,0.18,Daniil Medvedev,Russia,198,83,26,2,1,15,4,15,4,402,169,170,58,-1.35,0,2127,1.18,7,Jenson Brooksby,USA,188,82,21,39,39,12,4,6,2,137,62,87,44,2.0,0,1939,5.58,7
2063570,2022-03-30-05-00,Miami,wta,quarterfinal,hard,1,2,-1,Belinda Bencic,Switzerland,175,63,25,28,4,8,5,6,4,350,187,169,93,-1.1,1,1907,1.34,6,Daria Saville,Australia,166,61,28,249,20,14,6,14,6,303,221,171,116,9.36,2,-,3.57,9
2062846,2022-03-30-04-00,Miami,atp,round of 16,hard,1,1,2.22,Francisco Cerundolo,Argentina,185,78,23,103,76,19,8,5,4,227,92,16,9,11.96,0,1622,3.22,6,Frances Tiafoe,USA,188,86,24,31,29,4,4,4,4,277,198,124,96,-0.25,0,1842,1.39,5
2063564,2022-03-30-05-30,Miami,atp,round of 16,hard,2,2,0.33,Lloyd Harris,RSA,193,80,25,44,31,5,7,4,5,319,160,238,91,-2.81,1,1774,3.63,5,Hubert Hurkacz,Poland,196,81,25,10,9,12,5,11,4,287,178,142,65,0.89,0,1894,1.33,7
2063568,2022-03-30-09-00,Miami,wta,quarterfinal,hard,1,2,-1,Naomi Osaka,Japan,180,69,24,77,1,9,2,9,2,280,150,193,93,0.11,2,1978,1.53,7,Danielle Collins,USA,178,64,28,11,10,9,2,9,2,201,120,123,79,4.16,0,1997,2.67,8
2063576,2022-03-30-09-00,Miami,atp,round of 16,hard,2,2,0.53,Stefanos Tsitsipas,Greece,193,89,23,5,3,17,6,12,4,394,189,170,91,-0.53,0,1990,2.68,7,Carlos Alcaraz,Spain,185,72,18,16,16,14,2,8,2,130,40,36,12,2.86,1,2049,1.53,9
2063574,2022-03-30-11-00,Miami,atp,round of 16,hard,2,2,1.35,Harry Fritz Taylor,USA,193,86,24,13,13,16,4,14,3,287,193,183,106,9.46,3,-,1.65,9,Miomir Kecmanovic,Serbia,183,75,22,48,38,18,6,11,3,226,145,97,62,11.99,0,1777,2.35,8
