match_id,time_stamp,title,tour,round,surface,winner,predict,prediction_roi,player1_name,player1_country,player1_height,player1_weight,player1_age,player1_current_rank,player1_highest_rank,player1_year_total_win,player1_year_total_lose,player1_year_surface_win,player1_year_surface_lose,player1_career_total_win,player1_career_total_lose,player1_career_surface_win,player1_career_surface_lose,player1_roi,player1_H2H,player1_elo,player1_odds,player1_latest_win,player2_name,player2_country,player2_height,player2_weight,player2_age,player2_current_rank,player2_highest_rank,player2_year_total_win,player2_year_total_lose,player2_year_surface_win,player2_year_surface_lose,player2_career_total_win,player2_career_total_lose,player2_career_surface_win,player2_career_surface_lose,player2_roi,player2_H2H,player2_elo,player2_odds,player2_latest_win,strong_predict
2017028,2022-01-08-19-50,Melbourne Summer Set 1,atp,semifinal,hard,1,1.34,0.25,Rafael Nadal,Spain,185,85,35,6,1,1,0,1,0,1135,240,456,124,0,0,2044,1.25,6,Emil Ruusuvuori,Finland,188,79,22,95,66,3,0,3,0,198,101,85,32,0,0,1748,4.45,6
2017184,2022-01-09-15-30,ATP Cup,atp,-,hard,2,1.42,-1,Pablo Carreno-Busta,Spain,188,78,30,20,10,4,0,4,0,562,299,157,79,0,4,-,1.61,6,Denis Shapovalov,Canada,185,75,22,14,10,2,1,2,1,240,148,101,63,0,1,1826,2.49,7
2017194,2022-01-09-16-30,Adelaide,atp,final,hard,1,1.43,0.63,Gael Monfils,France,193,85,35,21,6,3,0,3,0,621,344,231,133,0,0,1818,1.63,7,Karen Khachanov,Russia,198,87,25,29,8,3,0,3,0,326,223,122,76,0,0,1861,2.43,7
2017190,2022-01-09-13-15,Melbourne Summer Set 2,wta,final,hard,1,1.24,0.45,Amanda Anisimova,USA,180,59,20,78,21,4,0,4,0,118,66,76,42,0,0,1746,1.45,10,Aliaksandra Sasnovich,Belarus,174,60,27,107,30,6,0,6,0,353,226,132,86,0,0,1669,2.99,8
2017180,2022-01-09-15-20,Melbourne Summer Set 1,wta,final,hard,2,1.62,0.31,Veronika Kudermetova,Russia,175,63,24,31,28,3,0,3,0,274,184,134,86,0,0,1753,3.8,7,Simona Halep,Romania,168,60,30,20,1,4,0,4,0,557,229,244,107,0,2,1857,1.31,8
2017182,2022-01-09-14-35,Adelaide,wta,final,hard,1,1.28,0.3,Ashleigh Barty,Australia,166,62,25,1,1,3,0,3,0,310,108,167,56,0,1,2068,1.3,9,Elena Rybakina,Kazakhstan,184,73,22,14,14,4,0,4,0,207,98,82,43,0,0,1819,3.95,7
2017186,2022-01-09-17-40,ATP Cup,atp,-,hard,2,1.46,-1,Roberto Bautista-Agut,Spain,183,75,33,19,9,4,0,4,0,710,422,281,134,0,1,-,1.72,6,Felix Auger Aliassime,Canada,193,88,21,11,10,2,2,2,2,227,138,77,55,0,2,1878,2.25,5
2017200,2022-01-09-17-40,Melbourne Summer Set 1,atp,final,hard,1,1.29,0.17,Rafael Nadal,Spain,185,85,35,6,1,2,0,2,0,1136,240,457,124,0,0,2044,1.17,6,Maxime Cressy,USA,201,88,24,112,112,6,0,6,0,173,104,90,53,0,0,1660,6.02,9
