match_id,time_stamp,title,tour,round,surface,winner,predict,prediction_roi,player1_name,player1_country,player1_height,player1_weight,player1_age,player1_current_rank,player1_highest_rank,player1_year_total_win,player1_year_total_lose,player1_year_surface_win,player1_year_surface_lose,player1_career_total_win,player1_career_total_lose,player1_career_surface_win,player1_career_surface_lose,player1_roi,player1_H2H,player1_elo,player1_odds,player1_latest_win,player2_name,player2_country,player2_height,player2_weight,player2_age,player2_current_rank,player2_highest_rank,player2_year_total_win,player2_year_total_lose,player2_year_surface_win,player2_year_surface_lose,player2_career_total_win,player2_career_total_lose,player2_career_surface_win,player2_career_surface_lose,player2_roi,player2_H2H,player2_elo,player2_odds,player2_latest_win,strong_predict
2067953,2022-04-07-21-10,Marrakech,atp,round of 16,clay,2,1,-1,Joao Sousa,Portugal,185,74,33,90,28,13,10,1,0,567,470,297,226,4.71,2,1598,2.66,4,Roberto Carballes Baena,Spain,183,77,29,79,71,11,12,10,6,501,334,451,267,-6.6,3,1669,1.54,6
2068265,2022-04-07-21-10,Marrakech,atp,round of 16,clay,1,2,-1,David Goffin,Belgium,180,70,31,74,7,9,10,1,0,574,316,180,88,-1.88,2,1765,2.3,6,Pablo Andujar,Spain,180,80,36,73,32,10,7,7,3,575,475,490,310,1.48,1,1695,1.69,6
2068267,2022-04-08-00-15,Marrakech,atp,round of 16,clay,1,2,-1,Richard Gasquet,France,183,79,35,86,7,7,6,1,0,728,404,221,105,4.97,0,1754,1.48,5,Pavel Kotov,Russia,191,86,23,172,168,12,5,3,0,191,116,75,51,5.17,0,1560,2.87,6
2067951,2022-04-08-01-05,Bogotá WTA,wta,round of 16,clay,2,1,-1,Suzan Lamens,Netherlands,-,-,22,204,204,21,6,11,1,203,138,130,86,9.98,1,-,1.62,9,Maria Bara Irina,Romania,164,80,27,118,112,6,9,2,2,359,241,313,174,-2.32,0,-,2.45,3
2068457,2022-04-08-01-10,Charleston,wta,round of 16,clay,1,2,-1,Coco Vandeweghe,USA,185,70,30,168,9,6,4,3,1,332,279,40,43,2.82,0,1643,6.92,6,Jessica Pegula,USA,170,70,28,13,13,12,7,1,0,332,207,97,66,2.12,0,1834,1.14,7
2068461,2022-04-08-01-10,Charleston,wta,round of 16,clay,2,2,0.94,Aryna Sabalenka,Belarus,182,80,23,5,2,7,7,1,0,286,146,45,34,-2.59,0,1931,1.96,5,Amanda Anisimova,USA,180,59,20,47,21,12,5,2,0,126,71,37,17,3.55,2,1845,1.94,5
2067973,2022-04-08-02-30,Bogotá WTA,wta,round of 16,clay,2,2,2.84,Osorio Serrano Maria,Colombia,-,-,20,33,33,7,4,1,0,133,66,73,30,1.85,0,-,1.31,7,Ipek Oz,Turkey,-,-,22,267,267,11,6,7,2,176,132,130,90,5.63,0,1248,3.84,7
2068255,2022-04-08-03-15,Marrakech,atp,round of 16,clay,2,1,-1,Vit Kopriva,Czech Republic,178,69,24,165,164,14,9,7,3,282,188,194,125,3.49,0,1545,3.09,7,Van De Zandschulp,Netherlands,188,83,26,43,42,10,7,1,0,291,146,149,87,0.43,0,1800,1.43,6
2067923,2022-04-08-02-25,Marrakech,atp,round of 16,clay,2,1,-1,Felix Auger Aliassime,Canada,193,88,21,9,9,16,6,1,0,241,142,95,47,6.37,0,1922,1.3,7,Alex Molcan,Slovakia,178,73,24,65,65,9,7,3,1,220,126,135,71,-0.28,0,1743,3.92,6
2067973,2022-04-08-03-00,Bogotá WTA,wta,round of 16,clay,2,2,3.08,Osorio Serrano Maria,Colombia,-,-,20,33,33,7,4,1,0,133,66,73,30,1.85,0,-,1.28,7,Ipek Oz,Turkey,-,-,22,267,267,11,6,7,2,176,132,130,90,5.63,0,1248,4.08,7
2068463,2022-04-08-03-35,Charleston,wta,round of 16,clay,2,1,-1,Madison Keys,USA,178,66,27,24,7,15,6,1,0,323,179,68,39,3.91,2,1878,1.77,5,Belinda Bencic,Switzerland,175,63,25,21,4,11,6,2,0,353,188,69,40,-1.38,1,1853,2.18,6
2067915,2022-04-08-03-45,Charleston,wta,2. round,clay,1,1,0.29,Annie Fernandez Leylah,Canada,158,48,19,19,19,8,4,0,0,119,73,32,24,1.67,1,-,1.29,7,Magda Linette,Poland,171,59,30,64,33,5,7,1,0,423,308,155,101,-1.45,0,1683,3.94,4
2067915,2022-04-08-03-45,Charleston,wta,2. round,clay,2,1,-1,Annie Fernandez Leylah,Canada,158,48,19,19,19,8,4,0,0,119,73,32,24,1.67,1,-,1.29,7,Magda Linette,Poland,171,59,30,64,33,5,7,1,0,423,308,155,101,-1.45,0,1683,3.94,4
2067993,2022-04-08-05-05,Houston,atp,round of 16,clay,1,2,-1,Cristian Garin,Chile,185,85,25,29,17,4,7,1,3,339,222,267,149,-2.49,0,1748,1.39,4,Jordan Thompson,Australia,183,82,27,83,43,7,7,1,0,369,246,84,50,1.31,0,1650,3.3,5
2067995,2022-04-08-05-30,Bogotá WTA,wta,round of 16,clay,1,2,-1,Kamilla Rakhimova,Russia,-,-,20,111,104,7,7,1,0,122,70,43,23,0.09,0,1550,3.84,3,Beatriz Haddad Maia,Brazil,185,78,25,59,58,12,7,1,0,372,184,175,86,4.2,1,1677,1.31,7
2068509,2022-04-08-07-20,Charleston,wta,round of 16,clay,2,2,0.14,Claire Liu,USA,-,-,21,89,87,9,7,2,0,178,113,65,28,-1.02,2,1645,6.64,5,Paula Badosa,Spain,180,72,24,3,3,17,6,1,0,303,160,143,75,0.97,0,1999,1.14,8
2068459,2022-04-08-07-40,Charleston,wta,round of 16,clay,2,1,-1,Alize Cornet,France,173,60,32,34,11,7,8,2,0,534,418,217,132,5.35,0,1746,2.01,4,Anhelina Kalinina,Ukraine,179,70,25,42,42,7,5,2,0,300,151,159,60,4.56,0,1730,1.89,6
2068799,2022-04-08-08-15,Charleston,wta,round of 16,clay,1,2,-1,Ons Jabeur,Tunis,167,66,27,10,7,9,5,1,0,375,210,115,53,-0.23,1,1934,1.38,6,Irina Begu,Romania,181,67,31,66,22,10,7,2,0,475,321,271,131,5.07,0,-,3.28,5
2067997,2022-04-08-10-45,Houston,atp,round of 16,clay,2,2,0.72,Alejandro Tabilo,Chile,188,75,24,100,95,19,7,14,4,294,186,182,109,4.31,0,1759,2.25,8,Harry Fritz Taylor,USA,193,86,24,13,13,16,5,0,0,287,194,38,33,8.46,0,-,1.72,9
2068477,2022-04-08-11-25,Charleston,wta,round of 16,clay,1,2,-1,Ekaterina Alexandrova,Russia,180,66,27,54,25,6,6,2,0,387,226,157,95,-1.65,0,1758,1.91,5,Karolina Pliskova,Czech Republic,186,72,30,7,1,1,2,1,0,616,334,158,107,-0.85,3,1958,2.0,5
2067961,2022-04-08-12-05,Houston,atp,round of 16,clay,2,1,-1,Steve Johnson,USA,188,86,32,108,21,10,8,1,0,365,280,50,43,1.68,6,1688,2.28,5,John Isner,USA,208,108,36,27,8,6,8,0,0,543,343,74,59,-3.75,4,1823,1.7,5
