match_id,time_stamp,title,tour,round,surface,winner,predict,prediction_roi,player1_name,player1_country,player1_height,player1_weight,player1_age,player1_current_rank,player1_highest_rank,player1_year_total_win,player1_year_total_lose,player1_year_surface_win,player1_year_surface_lose,player1_career_total_win,player1_career_total_lose,player1_career_surface_win,player1_career_surface_lose,player1_roi,player1_H2H,player1_elo,player1_odds,player1_latest_win,player2_name,player2_country,player2_height,player2_weight,player2_age,player2_current_rank,player2_highest_rank,player2_year_total_win,player2_year_total_lose,player2_year_surface_win,player2_year_surface_lose,player2_career_total_win,player2_career_total_lose,player2_career_surface_win,player2_career_surface_lose,player2_roi,player2_H2H,player2_elo,player2_odds,player2_latest_win,strong_predict
2201678,2022-09-26-01-20,Laver Cup,atp,-,indoors,2,2,1.66,Stefanos Tsitsipas,Greece,193,89,24,6,3,49,17,6,2,426,200,68,38,-0.71,4,-,1.53,7,Frances Tiafoe,USA,188,86,24,19,19,27,20,0,1,300,214,41,37,2.26,2,-,2.66,6
2201412,2022-09-26-10-00,San Diego,atp,final,hard,2,1,-1,Marcos Giron,USA,180,77,29,58,49,20,26,11,12,374,233,280,157,-0.5,1,1748,2.73,7,Brandon Nakashima,USA,185,77,21,69,49,31,22,15,12,157,89,89,50,-5.67,1,1803,1.51,6
2201776,2022-09-26-13-00,Seoul,atp,1. round,hard,2,1,-1,Yosuke Watanuki,Japan,180,63,24,222,171,26,19,10,8,166,115,98,64,4.73,1,1565,2.94,6,Jaume Munar,Spain,183,76,25,56,52,43,24,12,8,342,223,58,47,-3.9,0,1736,1.44,4
2201774,2022-09-26-14-30,Seoul,atp,1. round,hard,1,2,-1,Aleksandar Kovacevic,USA,183,76,24,221,201,29,23,16,13,108,91,61,52,-1.49,0,1495,6.33,4,Miomir Kecmanovic,Serbia,183,75,23,33,30,34,21,16,8,242,160,102,67,3.81,0,1840,1.14,4
2202066,2022-09-26-17-00,Tallinn,wta,1. round,indoors,2,1,-1,Laura Siegemund,Germany,168,62,34,175,27,24,14,3,2,602,375,49,35,0.22,0,-,2.8,4,Belen Teichmann Jil,Switzerland,170,80,25,31,21,21,19,0,1,259,185,18,25,-1.78,2,-,1.37,3
2200904,2022-09-26-17-00,Tallinn,wta,1. round,indoors,2,2,0.03,Elena Malygina,Estonia,-,-,22,404,396,35,31,19,8,161,117,63,31,-7.86,0,-,16.18,5,Belinda Bencic,Switzerland,175,63,25,14,4,33,16,2,1,375,198,54,26,-1.38,0,-,1.03,6
2200902,2022-09-26-17-00,Tallinn,wta,1. round,indoors,1,1,0.06,Donna Vekic,Croatia,179,64,26,88,19,19,17,0,0,325,245,40,37,-6.6,0,-,1.06,3,Maileen Nuudi,Estonia,-,-,22,641,641,41,20,2,1,92,84,9,16,25.81,0,-,12.36,7
2200898,2022-09-26-17-00,Tallinn,wta,1. round,indoors,2,2,0.21,Xinyu Wang,China,182,75,20,78,68,16,21,1,2,152,104,25,13,-9.64,0,-,4.75,2,Beatriz Haddad Maia,Brazil,185,78,26,16,15,47,20,1,1,407,197,8,8,20.32,2,-,1.21,5
2200896,2022-09-26-17-00,Tallinn,wta,1. round,indoors,1,2,-1,Marta Kostyuk,Ukraine,171,60,20,56,49,23,16,0,0,157,85,10,9,-3.87,3,-,1.81,6,Bernarda Pera,USA,175,80,27,43,43,32,17,2,2,385,219,42,29,3.54,0,-,2.09,7
2200894,2022-09-26-17-00,Tallinn,wta,1. round,indoors,1,2,-1,Barbora Krejcikova,Czech Republic,178,62,26,25,2,16,14,0,0,382,203,28,29,-6.92,0,-,2.56,4,Ajla Tomljanovic,Australia,180,67,29,35,34,32,22,0,0,381,287,15,17,2.51,1,-,1.48,7
2200890,2022-09-26-17-00,Tallinn,wta,1. round,indoors,2,1,-1,Claire Liu,USA,-,-,22,84,74,26,20,2,1,195,126,6,4,-1.73,0,-,1.61,4,Ann Li,USA,160,50,22,62,44,10,13,0,0,148,95,11,5,-2.26,1,-,2.42,3
2200764,2022-09-26-18-00,Parma,wta,1. round,clay,2,1,-1,Sara Errani,Italy,164,58,35,110,5,26,21,19,11,637,451,349,193,3.87,3,1615,2.15,5,Lauren Davis,USA,157,55,28,97,26,23,22,9,8,346,253,84,54,-0.32,1,1645,1.76,5
2200762,2022-09-26-18-00,Parma,wta,1. round,clay,2,2,1.19,Anna Bondar,Hungary,-,-,25,52,50,35,26,25,11,340,170,258,111,-7.1,1,1654,1.74,5,Mayar Sherif,Egypt,-,-,26,73,44,20,17,16,5,216,103,135,46,-6.07,1,1723,2.19,3
2200760,2022-09-26-18-00,Parma,wta,1. round,clay,2,2,0.25,Viktoriya Tomova,Bulgaria,170,58,27,109,94,41,28,21,14,447,302,253,163,-0.13,0,1599,4.22,7,Irina Begu,Romania,181,67,32,33,22,30,16,18,4,495,330,287,135,5.53,0,-,1.25,7
2200758,2022-09-26-18-00,Parma,wta,1. round,clay,1,1,0.1,Ana Bogdan,Romania,171,59,29,54,54,31,14,17,7,390,241,167,97,3.83,1,1731,1.1,8,Laura Pigossi,Brazil,-,-,28,102,100,23,24,19,15,336,274,223,176,3.22,0,1485,8.06,4
2200756,2022-09-26-18-00,Parma,wta,1. round,clay,1,1,0.59,Elisabetta Cocciaretto,Italy,-,-,21,96,93,35,18,30,13,132,69,104,50,0.8,0,1693,1.59,5,Nuria Parrizas-Diaz,Spain,-,-,31,61,45,23,27,11,11,508,322,135,119,-7.84,0,-,2.48,3
2200754,2022-09-26-18-00,Parma,wta,1. round,clay,1,1,0.74,Danka Kovinic,Montenegro,169,67,27,76,46,19,18,13,8,375,279,244,126,3.42,1,1670,1.74,2,Oceane Dodin,France,183,59,25,106,46,21,26,15,10,345,223,77,65,-7.41,0,1566,2.19,6
2200752,2022-09-26-18-00,Parma,wta,1. round,clay,1,1,0.53,A. Stephens Sloane,USA,170,61,29,50,3,13,14,4,5,354,254,113,65,-2.23,1,1769,1.53,3,Magdalena Frech,Poland,-,-,24,120,82,30,28,12,9,360,229,153,98,-9.32,0,1640,2.62,4
2200750,2022-09-26-18-00,Parma,wta,1. round,clay,1,2,-1,Maryna Zanevska,Belgium,175,59,29,95,62,17,18,11,8,467,269,232,128,-1.41,2,1672,1.61,4,Lucia Bronzetti,Italy,-,-,23,63,57,33,22,13,9,258,171,156,111,4.03,0,1692,2.42,5
2200746,2022-09-26-18-00,Parma,wta,1. round,clay,1,2,-1,Arantxa Rus,Netherlands,180,65,31,101,61,35,27,27,13,627,384,370,173,-15.21,0,1606,1.78,6,Panna Udvardy,Hungary,-,-,23,83,76,27,30,23,20,273,190,221,137,-11.15,0,1611,2.13,5
2200576,2022-09-26-20-00,Seoul,atp,1. round,hard,2,2,0.61,Chan Hong Seong,South Korea,175,65,25,471,343,27,13,23,7,184,97,162,76,-4.26,0,-,2.43,3,Kaichi Uchida,Japan,180,74,28,161,160,27,26,16,16,330,306,188,181,1.51,2,1422,1.61,4
2200782,2022-09-26-23-00,Sofia,atp,1. round,indoors,2,1,-1,Ricardas Berankis,Lithuania,175,77,32,123,50,22,15,4,1,573,366,186,98,-0.57,2,-,1.69,6,Kamil Majchrzak,Poland,180,78,26,118,75,18,20,0,1,354,208,35,30,-11.49,1,-,2.26,3
2201864,2022-09-26-23-00,Tel Aviv,atp,1. round,indoors,2,2,0.84,Hugo Grenier,France,196,85,26,96,95,34,28,1,3,352,234,106,77,2.11,2,-,1.84,7,Roman Safiullin,Russia,185,75,25,107,97,32,15,9,6,328,155,56,38,7.13,0,-,1.84,8
2201874,2022-09-27-00-30,Tel Aviv,atp,1. round,indoors,1,1,0.6,Dominic Thiem,Austria,185,79,29,182,3,15,15,5,2,484,248,70,48,-4.18,0,-,1.6,6,Laslo Djere,Serbia,188,82,27,67,27,23,23,0,1,345,237,22,36,-4.28,1,-,2.16,6
2200780,2022-09-27-01-00,Sofia,atp,1. round,indoors,2,2,3.28,Jiri Lehecka,Czech Republic,183,80,20,63,59,37,26,5,5,162,90,33,19,-1.88,0,-,1.25,7,Alexandar Lazarov,Bulgaria,191,84,24,332,332,38,15,2,2,235,131,8,13,3.76,0,-,4.28,8
2200772,2022-09-27-02-30,Sofia,atp,1. round,indoors,2,1,-1,Mikael Ymer,Sweden,183,75,24,100,67,21,21,5,4,244,145,73,40,6.77,1,-,2.14,5,Ilya Ivashka,Belarus,193,84,28,59,40,20,19,3,3,353,224,96,60,-2.26,1,-,1.76,5
2201780,2022-09-27-13-00,Seoul,atp,1. round,hard,1,1,0.18,Woo Kwon Soon,South Korea,180,72,24,74,52,19,27,9,13,260,173,180,117,-10.19,1,-,1.18,4,Yunseong Chung,South Korea,178,78,24,415,233,27,19,18,12,224,165,176,123,-3.57,3,1329,5.4,5
2201778,2022-09-27-13-00,Seoul,atp,1. round,hard,1,1,0.11,Jenson Brooksby,USA,188,82,21,50,33,25,19,14,9,150,77,95,51,-4.31,0,1848,1.11,4,Tung-lin Wu,Taipei (CHN),188,81,24,210,178,28,18,17,8,181,145,127,91,4.48,0,-,7.48,7
2200572,2022-09-27-13-00,Seoul,atp,1. round,hard,1,1,0.14,Steve Johnson,USA,188,86,32,116,21,26,23,15,14,381,295,244,178,1.03,0,1688,1.14,5,Sung Nam Ji,South Korea,183,80,29,545,236,20,13,18,8,294,198,230,152,-2.71,0,-,6.38,6
2200568,2022-09-27-13-00,Seoul,atp,1. round,hard,1,2,-1,Hsin Tseng Chun,Taipei (CHN),175,65,21,88,83,38,20,8,8,171,103,75,46,0.88,0,-,2.67,4,Christopher O'Connell,Australia,183,78,28,130,97,37,20,20,12,325,190,141,96,4.04,1,-,1.52,5
2200566,2022-09-27-13-00,Seoul,atp,1. round,hard,1,2,-1,Mackenzie McDonald,USA,178,73,27,84,48,19,25,10,13,272,200,180,123,-12.45,0,-,1.47,3,Pedro Martinez,Spain,185,76,25,68,40,22,26,5,9,390,226,53,42,-9.41,0,1627,2.82,3
2200564,2022-09-27-13-00,Seoul,atp,1. round,hard,1,1,1.45,Yoshihito Nishioka,Japan,170,64,26,53,48,34,21,20,12,398,228,215,121,9.61,5,1779,2.45,6,Daniel Evans,Great Britain,175,75,32,25,22,29,22,18,11,571,353,253,144,1.02,0,1820,1.6,5
2200776,2022-09-27-17-00,Sofia,atp,1. round,indoors,2,1,-1,Tim Van Rijthoven,Netherlands,188,89,25,106,101,32,17,19,8,232,133,79,43,13.53,0,-,2.75,6,Holger Rune,Denmark,185,68,19,31,26,31,25,2,2,149,81,24,11,-2.15,1,-,1.49,5
2201872,2022-09-27-17-00,Tel Aviv,atp,1. round,indoors,2,1,-1,Van De Zandschulp,Netherlands,188,83,26,35,22,36,23,1,1,317,162,100,35,8.36,0,-,1.35,7,Joao Sousa,Portugal,185,74,33,55,28,24,29,2,2,578,489,74,61,1.46,0,-,2.89,4
2201870,2022-09-27-17-00,Tel Aviv,atp,1. round,indoors,2,1,-1,John Wolf Jeffrey,USA,183,79,23,73,72,34,24,3,5,128,82,48,26,0.3,0,-,2.52,5,Emil Ruusuvuori,Finland,188,79,23,51,42,36,28,1,1,231,129,73,28,-8.04,1,-,1.45,5
2201866,2022-09-27-17-00,Tel Aviv,atp,1. round,indoors,1,1,1.89,Martin Etcheverry Tomas,Argentina,196,82,23,89,72,43,27,0,0,267,139,2,1,-5.77,0,-,2.89,6,Aslan Karatsev,Russia,185,85,29,39,14,15,24,1,3,414,272,95,73,-10.91,0,-,1.35,3
2200886,2022-09-28-02-30,Tallinn,wta,1. round,indoors,1,2,-1,Anett Kontaveit,Estonia,174,65,26,4,2,25,14,5,0,406,199,75,27,-5.63,0,-,1.23,5,Xiyu Wang,China,181,66,21,58,58,38,21,1,1,156,99,1,3,5.44,0,-,4.65,7
2200766,2022-09-28-03-10,Parma,wta,1. round,clay,1,2,-1,Sara Sorribes Tormo,Spain,176,69,25,67,32,23,17,10,5,371,235,226,108,-3.55,1,1790,1.68,5,Martina Trevisan,Italy,-,-,28,30,24,23,18,15,6,296,171,233,103,-3.09,0,1713,2.31,3
2201674,2022-09-28-04-00,Sofia,atp,1. round,indoors,1,1,1.66,Aleksandar Vukic,Australia,188,84,26,144,117,15,16,2,1,231,176,33,23,-4.91,0,-,2.66,4,Fabio Fognini,Italy,178,79,35,57,9,21,21,0,0,632,482,39,52,-6.88,0,-,1.53,5
2202871,2022-09-28-04-25,Tel Aviv,atp,1. round,indoors,1,1,0.74,Edan Leshem,Israel,183,70,25,446,249,35,24,2,4,311,204,23,33,1.26,2,-,1.74,5,Yshai Oliel,Israel,188,78,22,383,305,31,24,1,1,216,122,1,5,-1.31,5,-,2.2,5
2200562,2022-09-28-13-00,Seoul,atp,1. round,hard,1,2,-1,Taro Daniel,Japan,191,80,29,92,64,39,25,24,14,546,352,160,120,1.61,0,1664,1.38,3,Emilio Gomez,Ecuador,185,81,30,102,102,39,20,29,11,397,287,195,114,3.35,0,1622,3.31,7
2203799,2022-09-28-17-10,Seoul,atp,round of 16,hard,1,2,-1,Radu Albot,Moldavsko,175,69,32,91,39,35,25,20,10,589,434,251,146,-2.15,2,1658,1.73,8,Steve Johnson,USA,188,86,32,117,21,27,23,16,14,382,295,245,178,1.23,1,1688,2.24,5
2203821,2022-09-28-18-00,Parma,wta,round of 16,clay,2,1,-1,Dalma Galfi,Hungary,178,68,24,91,79,35,20,14,10,267,174,120,82,2.23,1,1631,2.31,5,Maryna Zanevska,Belgium,175,59,29,97,62,18,18,12,8,468,269,233,128,-0.78,4,1694,1.68,5
2202987,2022-09-28-18-10,Tallinn,wta,round of 16,indoors,2,1,-1,Katie Boulter,Great Britain,182,68,26,145,82,24,13,11,2,256,162,51,27,7.21,0,-,4.35,5,Belinda Bencic,Switzerland,175,63,25,14,4,34,16,3,1,376,198,55,26,-1.35,1,-,1.25,6
2202096,2022-09-28-18-10,Tallinn,wta,1. round,indoors,1,1,0.24,Shuai Zhang,China,177,66,33,26,23,34,24,8,2,562,395,38,21,9.73,1,-,1.24,7,Viktoria Kuzmova,Slovakia,180,61,24,151,43,29,18,3,1,319,175,37,29,3.23,0,-,4.44,7
2201860,2022-09-28-19-05,Tel Aviv,atp,1. round,indoors,2,1,-1,Thiago Monteiro,Brazil,183,78,28,62,62,39,29,0,0,438,320,0,0,0.63,0,-,1.5,6,Pablo Andujar,Spain,180,80,36,115,32,26,23,0,0,591,491,29,45,-9.4,0,-,2.76,6
2200774,2022-09-28-19-05,Sofia,atp,1. round,indoors,1,2,-1,Lorenzo Sonego,Italy,191,76,27,45,21,25,24,5,0,342,223,58,37,-7.82,3,-,1.39,7,Bernabe Zapata Miralles,Spain,183,82,25,78,74,44,27,2,1,396,268,39,43,-4.12,0,-,3.22,8
2202849,2022-09-28-19-10,Sofia,atp,1. round,indoors,1,1,0.49,Marc-Andrea Huesler,Switzerland,196,88,26,95,85,39,24,3,6,243,194,67,58,5.24,0,-,1.49,6,Geoffrey Blancaneaux,France,180,75,24,139,139,39,30,3,4,274,197,43,56,-2.69,1,-,2.81,7
2201868,2022-09-28-19-10,Tel Aviv,atp,1. round,indoors,2,2,1.53,Adrian Mannarino,France,180,79,34,51,22,29,27,4,3,642,500,220,153,5.75,0,-,1.57,7,Constant Lestienne,France,180,77,30,68,68,45,22,12,6,430,295,172,109,11.37,0,-,2.53,7
2203925,2022-09-28-19-40,Parma,wta,round of 16,clay,1,2,-1,Mayar Sherif,Egypt,-,-,26,74,44,21,17,17,5,217,103,136,46,-4.98,2,1720,1.55,4,Simona Waltert,Switzerland,-,-,21,120,118,34,23,23,11,183,111,86,59,7.76,1,1636,2.61,6
2203883,2022-09-28-19-40,Parma,wta,round of 16,clay,2,2,1.88,A. Stephens Sloane,USA,170,61,29,50,3,14,14,5,5,355,254,114,65,-1.69,2,1769,1.47,4,Danka Kovinic,Montenegro,169,67,27,78,46,20,18,14,8,376,279,245,126,4.1,0,1655,2.88,3
2204005,2022-09-28-20-00,Tallinn,wta,round of 16,indoors,2,2,0.58,Linda Noskova,Czech Republic,179,64,17,105,87,39,12,12,2,102,43,40,10,5.33,0,-,2.53,7,Beatriz Haddad Maia,Brazil,185,78,26,15,15,48,20,2,1,408,197,9,8,20.55,0,-,1.58,6
2203285,2022-09-28-20-00,Tallinn,wta,round of 16,indoors,2,2,0.66,Viktorija Golubic,Switzerland,169,56,29,89,35,24,22,4,1,442,272,95,43,-5.57,0,-,2.35,7,Karolina Muchova,Czech Republic,180,80,26,224,19,7,7,1,0,258,131,47,24,-0.95,1,-,1.66,4
2202843,2022-09-28-20-30,Sofia,atp,1. round,indoors,1,2,-1,Jan-Lennard Struff,Germany,193,92,32,132,29,22,18,2,0,576,411,161,111,-6.76,2,-,1.51,8,Dusan Lajovic,Serbia,183,83,32,86,23,24,26,0,0,535,419,64,66,0.13,0,-,2.74,5
2203917,2022-09-28-20-30,Tel Aviv,atp,round of 16,indoors,1,1,0.34,Roman Safiullin,Russia,185,75,25,104,97,33,15,10,6,329,155,57,38,8.05,0,-,1.34,8,Martin Etcheverry Tomas,Argentina,196,82,23,87,72,44,27,1,0,268,139,3,1,-3.22,0,-,3.59,6
