match_id,time_stamp,title,tour,round,surface,winner,predict,prediction_roi,player1_name,player1_country,player1_height,player1_weight,player1_age,player1_current_rank,player1_highest_rank,player1_year_total_win,player1_year_total_lose,player1_year_surface_win,player1_year_surface_lose,player1_career_total_win,player1_career_total_lose,player1_career_surface_win,player1_career_surface_lose,player1_roi,player1_H2H,player1_elo,player1_odds,player1_latest_win,player2_name,player2_country,player2_height,player2_weight,player2_age,player2_current_rank,player2_highest_rank,player2_year_total_win,player2_year_total_lose,player2_year_surface_win,player2_year_surface_lose,player2_career_total_win,player2_career_total_lose,player2_career_surface_win,player2_career_surface_lose,player2_roi,player2_H2H,player2_elo,player2_odds,player2_latest_win,strong_predict
2024308,2022-01-24-09-15,Australian Open,wta,round of 16,hard,1,1.42,0.7,Danielle Collins,USA,178,64,28,30,23,3,0,3,0,195,118,117,77,2.62,1,-,1.7,7,Elise Mertens,Belgium,179,67,26,26,12,4,1,4,1,370,198,206,91,1.36,1,1892,2.28,6
2024300,2022-01-24-12-25,Australian Open,wta,round of 16,hard,2,1.25,-1,Simona Halep,Romania,168,60,30,15,1,8,0,8,0,561,229,248,107,2.1,1,2000,1.14,9,Alize Cornet,France,173,60,32,61,11,3,2,3,2,530,412,208,171,4.3,3,1760,6.75,6
2024388,2022-01-24-12-35,Australian Open,atp,round of 16,hard,2,1.65,0.78,Marin Cilic,Croatia,198,89,33,27,3,7,2,7,2,671,358,254,140,3.45,3,1851,2.17,7,Felix Auger Aliassime,Canada,193,88,21,9,9,6,2,6,2,231,138,81,55,5.83,0,1910,1.78,7
2024380,2022-01-24-15-15,Australian Open,atp,round of 16,hard,2,1.64,0.42,Alex De Minaur,Australia,183,69,22,42,15,5,1,5,1,239,138,115,59,2.92,0,1798,3.14,6,Jannik Sinner,Italy,188,76,20,10,9,6,0,6,0,176,91,55,30,1.6,2,1987,1.42,9
2024362,2022-01-24-13-00,Australian Open,atp,round of 16,hard,2,2.0,0.04,Maxime Cressy,USA,201,88,24,70,70,11,2,11,2,178,106,95,55,7.54,0,1755,15.85,8,Daniil Medvedev,Russia,198,83,25,2,2,6,1,6,1,393,166,161,55,0.81,0,2148,1.04,9
2024390,2022-01-24-16-50,Australian Open,wta,round of 16,hard,1,1.6,-1,Iga Swiatek,Poland,176,65,20,9,4,6,1,6,1,166,49,55,24,2.01,0,1982,1.19,7,Sorana-Mihaela Cirstea,Romania,176,59,31,38,21,4,2,4,2,492,368,223,168,3.1,0,-,5.5,5
