match_id,time_stamp,title,tour,round,surface,winner,player1_H2H,prediction_roi,player1_odds,player1_latest_win,player2_H2H,player2_odds,player2_latest_win,player1_name,player1_country,player1_height,player1_weight,player1_age,player1_current_rank,player1_highest_rank,player1_year_total_win,player1_year_total_lose,player1_year_surface_win,player1_year_surface_lose,player1_career_total_win,player1_career_total_lose,player1_career_surface_win,player1_career_surface_lose,player1_roi,player1_elo,player2_name,player2_country,player2_height,player2_weight,player2_age,player2_current_rank,player2_highest_rank,player2_year_total_win,player2_year_total_lose,player2_year_surface_win,player2_year_surface_lose,player2_career_total_win,player2_career_total_lose,player2_career_surface_win,player2_career_surface_lose,player2_roi,player2_elo,predict,strong_predict
2227681,2022-10-30-20-40,Paris - Masters,atp,Qualification - round of 16,indoors,2,2,0.87,1.97,6,0,1.87,6,Laslo Djere,Serbia,188,82,27,75,27,29,27,5,4,351,241,27,39,-4.52,1697,Marc-Andrea Huesler,Switzerland,196,88,26,62,62,45,27,9,9,249,197,73,61,9.66,-,2,False
2228373,2022-10-30-21-15,Paris - Masters,atp,Qualification - round of 16,indoors,1,0,-1,1.5,6,0,2.67,3,Lorenzo Sonego,Italy,191,76,27,48,21,27,28,7,3,344,227,60,40,-11.25,1746,Tallon Griekspoor,Netherlands,188,85,26,71,44,31,26,2,8,340,192,43,39,-9.27,1740,2,False
2228393,2022-10-30-22-30,Paris - Masters,atp,Qualification - round of 16,indoors,2,0,0.47,2.76,5,0,1.47,8,Jiri Lehecka,Czech Republic,183,80,20,78,59,40,30,8,9,165,94,36,23,-0.6,1670,Mikael Ymer,Sweden,183,75,24,76,67,29,24,13,7,252,148,81,43,7.92,1783,2,False
2227399,2022-10-31-19-00,Paris - Masters,atp,1. round,indoors,2,0,0.47,2.88,3,0,1.47,7,Aslan Karatsev,Russia,185,85,29,58,14,18,30,4,9,417,278,98,79,-14.73,1671,Yoshihito Nishioka,Japan,170,64,27,38,37,43,24,16,5,407,231,61,32,15.39,1823,2,False
2229225,2022-10-31-19-00,Paris - Masters,atp,1. round,indoors,1,0,1.19,2.19,6,0,1.75,4,John Isner,USA,208,108,37,47,8,22,16,2,1,559,351,71,63,-0.46,1853,Oscar Otte,Germany,193,79,29,57,36,28,30,5,8,456,264,144,89,-8.53,1690,1,True
2227425,2022-10-31-19-00,Paris - Masters,atp,1. round,indoors,2,0,-1,2.52,6,1,1.58,4,Miomir Kecmanovic,Serbia,183,75,23,29,28,40,25,1,1,248,164,21,20,4.52,1826,Cameron Norrie,Great Britain,188,82,27,13,8,48,25,4,4,325,185,44,39,-2.74,1927,1,False
