match_id,time_stamp,title,tour,round,surface,winner,player1_H2H,prediction_roi,player1_odds,player1_latest_win,player2_H2H,player2_odds,player2_latest_win,player1_name,player1_country,player1_height,player1_weight,player1_age,player1_current_rank,player1_highest_rank,player1_year_total_win,player1_year_total_lose,player1_year_surface_win,player1_year_surface_lose,player1_career_total_win,player1_career_total_lose,player1_career_surface_win,player1_career_surface_lose,player1_roi,player1_elo,player2_name,player2_country,player2_height,player2_weight,player2_age,player2_current_rank,player2_highest_rank,player2_year_total_win,player2_year_total_lose,player2_year_surface_win,player2_year_surface_lose,player2_career_total_win,player2_career_total_lose,player2_career_surface_win,player2_career_surface_lose,player2_roi,player2_elo,predict,strong_predict
2248635,2022-11-29-20-10,Maia challenger,atp,1. round,clay,2,0,0.94,1.88,4,1,1.94,3,Nicolas Alvarez Varona,Spain,188,80,21,238,219,24,34,13,19,153,121,71,64,-6.94,1483,Riccardo Bonadio,Italy,180,81,29,194,174,45,33,42,30,434,322,362,267,-0.03,1467,2,False
2248897,2022-11-29-21-40,Andorra WTA,wta,1. round,indoors,1,0,1.47,2.47,5,0,1.56,6,Alycia Parks,USA,-,-,21,134,117,26,30,8,3,205,170,11,11,7.68,1493,Linda Noskova,Czech Republic,179,64,18,91,87,43,16,16,6,106,47,44,14,1.66,1667,1,False
2248651,2022-11-29-21-45,Maia challenger,atp,1. round,clay,1,0,-1,3.05,5,0,1.34,6,Goncalo Oliveira,Portugal,185,79,27,485,194,19,26,9,15,413,388,304,247,-9.91,1308,Nikola Milojevic,Serbia,188,76,27,233,125,24,32,21,28,350,224,143,107,-8.07,1446,2,False
2249609,2022-11-29-22-10,Maia challenger,atp,1. round,clay,1,0,0.49,1.49,7,0,2.66,2,Alexandar Lazarov,Bulgaria,191,84,25,303,272,53,19,27,11,250,135,176,89,4.77,1504,Alessandro Giannessi,Italy,185,82,32,267,84,26,32,24,30,488,399,398,307,-10.77,1477,1,False
2249603,2022-11-30-00-05,Maia challenger,atp,1. round,clay,1,0,0.1,1.1,6,0,7.33,3,Nuno Borges,Portugal,185,75,25,93,91,46,25,24,12,236,95,101,44,1.32,1626,Denis Istomin,Uzbekistan,188,85,36,481,33,13,25,4,6,627,523,144,154,-7.82,1417,1,False
2248625,2022-11-30-00-05,Mas Palomas challenger,atp,1. round,clay,2,0,0.77,2.07,7,1,1.77,4,Javier Barranco Cosano,Spain,175,72,24,273,247,46,21,45,20,291,177,269,156,-3.8,1376,Vit Kopriva,Czech Republic,178,69,25,152,124,39,31,30,20,307,210,217,142,-1.6,1545,2,False
2248637,2022-11-30-01-40,Maia challenger,atp,1. round,clay,2,0,1.11,1.75,4,0,2.11,5,Geoffrey Blancaneaux,France,180,75,24,135,134,44,39,18,16,279,206,134,95,-3.41,1529,Nerman Fatic,Bosnia and Herzeg.,191,88,28,239,195,34,29,30,21,342,244,285,180,0.12,1570,2,True
2248905,2022-11-30-02-15,Andorra WTA,wta,1. round,indoors,2,2,0.76,2.09,6,1,1.76,5,Yanina Wickmayer,Belgium,182,68,33,334,12,26,18,10,6,504,342,77,48,-5.13,1571,Alison Van Uytvanck,Belgium,173,63,28,55,37,21,16,2,2,379,256,133,53,-7.77,1748,2,True
2248899,2022-11-30-04-00,Andorra WTA,wta,1. round,indoors,1,0,0.21,1.21,5,0,4.47,6,Cristina Bucsa,Spain,180,63,24,108,104,45,29,9,6,280,170,50,34,-1.94,1656,Lina Glushko,Israel,-,-,22,260,211,32,27,0,0,167,100,4,3,-2.07,1324,1,False
2249607,2022-11-30-19-30,Maia challenger,atp,1. round,clay,2,1,-1,1.56,3,0,2.45,6,Joao Domingues,Portugal,178,70,29,276,150,25,27,24,21,382,277,240,186,3.49,1355,Maximilian Neuchrist,Austria,-,-,31,359,244,43,26,25,12,480,291,153,106,0.42,1338,1,False
2250015,2022-11-30-20-00,Maia challenger,atp,round of 16,clay,1,0,-1,1.74,7,2,2.12,7,Aleksandar Vukic,Australia,188,84,26,140,117,28,24,2,4,244,184,80,59,-4.53,1535,Evgeny Karlovskiy,Russia,191,85,28,331,211,41,31,16,10,388,319,100,109,2.37,1381,2,False
2248639,2022-11-30-20-00,Maia challenger,atp,1. round,clay,2,0,0.76,2.08,5,0,1.76,7,Vitaliy Sachko,Ukraine,183,68,25,280,220,29,32,17,17,267,186,167,116,-10.03,1458,Jan Choinski,Great Britain,196,80,26,268,234,47,21,36,14,352,240,196,128,8.16,1525,2,False
