match_id,time_stamp,title,tour,round,surface,winner,player1_H2H,prediction_roi,player1_odds,player1_latest_win,player2_H2H,player2_odds,player2_latest_win,player1_name,player1_country,player1_height,player1_weight,player1_age,player1_current_rank,player1_highest_rank,player1_year_total_win,player1_year_total_lose,player1_year_surface_win,player1_year_surface_lose,player1_career_total_win,player1_career_total_lose,player1_career_surface_win,player1_career_surface_lose,player1_roi,player1_elo,player2_name,player2_country,player2_height,player2_weight,player2_age,player2_current_rank,player2_highest_rank,player2_year_total_win,player2_year_total_lose,player2_year_surface_win,player2_year_surface_lose,player2_career_total_win,player2_career_total_lose,player2_career_surface_win,player2_career_surface_lose,player2_roi,player2_elo,predict,strong_predict
2242379,2022-11-17-18-00,Sharm El Sheikh 20 ITF,wta,round of 16,hard,1,0,-1,1.55,5,0,2.28,7,Nina Stojanovic,Serbia,176,63,26,637,81,4,3,4,3,241,167,135,85,-1.34,-,Yuliya Hatouka,Belarus,-,-,22,282,180,27,23,11,9,190,102,101,52,0.45,1395,2,False
2242329,2022-11-17-19-00,Nules ITF,wta,round of 16,clay,1,0,0.29,1.29,6,0,3.38,7,Alessandra Mazzola,Italy,-,-,22,997,980,23,11,22,7,40,36,35,26,3.38,-,Yu Chen,China,-,-,22,-,-,10,8,5,1,23,20,7,5,-0.88,-,1,False
2241693,2022-11-17-19-00,Funchal ITF,wta,round of 16,hard,1,0,0.5,1.5,7,0,2.48,6,Ashley Lahey,USA,-,-,23,423,416,39,26,34,15,92,63,65,41,8.44,-,Kajsa Rinaldo Persson,Sweden,-,-,25,479,479,36,18,1,1,169,118,57,42,2.88,-,1,False
2242491,2022-11-17-19-30,Nairobi 2 ITF,wta,round of 16,clay,1,0,0.67,1.67,4,0,2.12,4,Angella Okutoyi,Kenya,-,-,18,-,-,4,6,2,1,8,13,2,1,-1.86,-,Sevil Yuldasheva,Uzbekistan,-,-,20,1156,847,39,34,25,15,58,79,39,42,-12.07,-,1,False
2242035,2022-11-17-19-30,St. Etienne ITF,wta,round of 16,indoors,1,0,-1,1.99,4,0,1.69,3,Conny Perrin,Switzerland,-,-,31,413,134,27,31,4,5,543,415,64,52,-20.65,1276,(1996) Makarova Ekaterina,Russia,-,-,26,258,241,37,28,4,7,156,114,23,23,6.73,-,2,False
2242475,2022-11-17-19-30,Sharm El Sheikh 20 ITF,wta,round of 16,hard,2,0,0.12,5.15,4,0,1.12,7,Giulia Gatto-Monticone,Italy,167,66,34,440,148,16,22,7,7,634,454,115,71,-13.3,-,Petra Marcinko,Croatia,-,-,16,194,194,34,12,1,1,46,18,7,4,6.57,1532,2,False
2242389,2022-11-17-19-30,Heraklion 10 ITF,wta,round of 16,clay,2,0,-1,1.2,7,1,3.82,7,Carlota Martinez Cirez,Spain,-,-,21,308,308,40,21,40,21,111,71,110,70,13.45,-,Gabriela Vasilescu Arina,Romania,-,-,25,556,556,49,34,20,16,217,167,134,97,-12.28,-,1,False
2242527,2022-11-17-20-00,Nules ITF,wta,round of 16,clay,2,0,-1,3.09,7,1,1.32,8,Chantal Sauvant,Germany,-,-,20,555,555,55,20,46,16,109,86,90,69,10.52,-,Alina Charaeva,Russia,-,-,20,883,317,8,3,6,0,71,37,35,16,2.44,-,1,False
2241641,2022-11-17-20-00,Bratislava 6 ITF,wta,round of 16,indoors,1,2,-1,1.2,5,0,4.2,6,Daria Snigur,Ukraine,-,-,20,105,105,34,23,13,7,126,62,28,16,-2.95,1537,Maia Lumsden,Great Britain,-,-,24,491,250,20,14,11,5,156,116,81,44,-1.19,-,2,False
2242429,2022-11-17-20-30,Helsinki ITF,wta,quarterfinal,indoors,2,0,1.02,1.74,6,0,2.02,7,Dalila Jakupovic,Slovenia,178,70,31,256,69,58,27,4,1,460,386,47,49,-3.58,1460,Taylor Ng,USA,-,-,27,421,411,39,25,5,2,95,58,11,5,-0.86,-,2,False
2242371,2022-11-17-20-30,Helsinki ITF,wta,quarterfinal,indoors,1,0,-1,1.68,5,0,2.1,8,Katarzyna Kawa,Poland,-,-,30,262,112,19,20,2,2,386,290,27,39,-1.42,1442,Malene Helgo,Norway,-,-,23,319,319,32,19,12,3,172,106,32,20,6.98,1437,2,False
2241793,2022-11-17-20-30,Funchal ITF,wta,round of 16,hard,1,0,-1,1.22,3,0,3.97,6,Emina Bektas,USA,-,-,29,357,188,18,21,11,7,174,141,134,88,-3.07,1358,Steur Joelle Lilly,Germany,-,-,18,566,566,26,18,6,4,44,39,6,4,9.18,-,2,False
2241845,2022-11-17-20-40,Helsinki challenger,atp,round of 16,indoors,2,1,0.94,1.88,6,5,1.94,4,Altug Celikbilek,Turkey,185,72,26,223,154,27,29,8,7,329,243,42,32,-2.0,1458,Dimitar Kuzmanov,Bulgaria,193,77,29,206,158,37,26,2,4,524,264,14,30,0.85,1522,2,False
2241823,2022-11-17-20-40,Helsinki challenger,atp,round of 16,indoors,1,0,-1,1.55,6,0,2.49,4,Yannick Hanfmann,Germany,193,86,31,140,92,35,26,5,3,370,221,60,49,-1.06,1593,Ryan Peniston,Great Britain,183,75,27,153,123,33,26,15,9,274,174,67,54,1.35,1507,2,False
2242573,2022-11-17-21-00,St. Etienne ITF,wta,round of 16,indoors,1,0,0.17,1.17,5,0,4.69,7,Audrey Albie,France,-,-,28,313,278,34,26,12,9,257,209,91,70,5.0,1431,Fiona Ganz,Switzerland,-,-,22,567,567,32,24,13,5,105,104,17,12,-2.41,-,1,False
2242387,2022-11-17-21-00,Funchal ITF,wta,round of 16,hard,1,0,-1,8.5,4,3,1.06,7,Matilde Jorge,Portugal,-,-,18,684,674,15,19,7,10,25,49,14,30,-6.52,-,Francisca Jorge,Portugal,-,-,22,299,295,37,18,27,11,177,122,119,78,0.84,-,2,False
2242409,2022-11-17-22-00,Helsinki challenger,atp,round of 16,indoors,2,0,0.76,2.08,5,0,1.76,7,Raul Brancaccio,Italy,183,72,25,190,170,43,25,1,1,309,200,24,23,3.83,1480,Jelle Sels,Netherlands,188,83,27,133,130,51,35,19,13,312,253,78,67,8.72,1537,2,False
2242563,2022-11-17-22-00,Helsinki ITF,wta,quarterfinal,indoors,2,1,-1,1.49,9,0,2.51,7,Wilda Hennemann Caijsa,Sweden,-,-,21,287,284,32,21,7,1,104,63,17,7,10.18,-,Elena Malygina,Estonia,-,-,22,373,373,46,36,26,11,172,122,70,34,-1.97,1247,1,False
2237459,2022-11-17-22-05,Masters Cup ATP,atp,-,indoors,1,1,1.57,2.57,4,0,1.57,6,Rafael Nadal,Spain,185,85,36,2,1,39,9,0,3,1173,249,69,41,1.65,1944,Casper Ruud,Norway,183,77,23,4,2,51,21,4,2,323,182,39,30,1.5,1949,1,False
2242487,2022-11-17-22-15,Helsinki challenger,atp,round of 16,indoors,1,0,1.36,2.36,5,0,1.61,6,Leandro Riedi,Switzerland,-,-,20,277,252,44,19,17,6,74,44,38,18,3.47,1429,Maximilian Marterer,Germany,191,84,27,162,45,42,29,7,4,364,237,104,58,-4.52,1596,1,False
2242349,2022-11-17-22-15,Bratislava 6 ITF,wta,round of 16,indoors,1,1,0.1,1.1,6,0,6.41,4,Ana Konjuh,Croatia,174,65,24,137,20,19,22,8,6,231,151,39,29,-5.73,1700,Diana Marcinkevica,Latvia,-,-,30,301,196,21,35,5,8,507,454,132,102,-12.11,1213,1,False
2242613,2022-11-17-22-30,Buenos Aires WTA,wta,round of 16,clay,1,0,-1,1.96,5,0,1.86,5,Lourdes Carle Maria,Argentina,-,-,22,160,160,49,34,32,20,201,98,129,64,0.37,-,Hailey Baptiste,USA,-,-,21,182,119,19,16,7,5,113,76,49,26,3.09,1574,2,False
2242549,2022-11-18-00-00,Helsinki challenger,atp,round of 16,indoors,1,0,-1,1.7,6,1,2.18,9,Tomas Machac,Czech Republic,183,73,22,112,107,43,17,13,9,178,89,79,40,-3.35,1649,Otto Virtanen,Finland,-,-,21,182,182,46,32,26,12,133,81,76,33,6.82,1593,2,True
2242517,2022-11-18-00-00,Lima 2 ITF,wta,round of 16,clay,2,0,-1,1.1,8,0,6.28,5,Rivera Corado Maria,Guatemala,-,-,20,721,721,24,12,4,3,49,29,4,3,0.7,-,Ani Vangelova,Bulgaria,-,-,29,815,685,20,28,20,28,212,365,156,242,-10.43,-,1,False
2242541,2022-11-18-00-30,Bratislava 6 ITF,wta,round of 16,indoors,1,0,0.05,1.05,6,0,9.65,7,Anna Schmiedlova Karolina,Slovakia,-,-,28,100,26,33,29,6,3,387,264,47,33,-7.33,1630,(2001) Kuzmova Katarina,Slovakia,-,-,21,641,641,39,29,6,2,115,96,16,13,6.55,-,1,False
2242893,2022-11-18-00-40,Buenos Aires WTA,wta,round of 16,clay,2,1,1.32,1.62,8,2,2.32,6,Kateryna Baindl,Ukraine,175,51,28,113,62,33,25,22,16,387,260,141,79,-2.57,1617,Sara Errani,Italy,164,58,35,108,5,32,26,20,13,643,456,350,195,1.17,1615,2,False
2242611,2022-11-18-01-00,Waco ITF,wta,round of 16,hard,1,1,0.81,1.81,7,0,1.93,7,Veronica Miroshnichenko,Russia,-,-,24,679,601,33,7,16,7,120,55,61,28,5.01,-,Sara Daavettila,USA,-,-,24,1033,966,26,14,26,14,46,32,41,27,-6.57,-,1,False
2242721,2022-11-18-01-00,Buenos Aires WTA,wta,round of 16,clay,2,0,0.71,2.15,5,2,1.71,7,Nadia Podoroska,Argentina,170,60,25,205,36,24,15,14,6,339,184,219,107,-5.34,1639,Danka Kovinic,Montenegro,169,67,28,71,46,26,20,20,10,382,281,251,128,6.72,1685,2,False
2242131,2022-11-18-00-00,Lima 2 ITF,wta,round of 16,clay,2,0,-1,1.01,8,0,11.8,1,Herazo Gonzalez Maria,Colombia,-,-,25,389,317,33,24,20,12,241,163,196,122,-7.01,-,Elizaveta Castillo,Peru,-,-,15,-,-,1,1,1,1,1,1,1,1,0.35,-,1,False
2242501,2022-11-18-00-30,Funchal ITF,wta,round of 16,hard,1,0,0.11,1.11,5,0,5.93,5,Lena Papadakis,Germany,-,-,24,265,263,43,30,7,3,192,154,18,12,-10.57,-,Victoria Muntean,France,-,-,25,676,435,20,17,5,6,221,198,113,64,-2.7,-,1,False
2242521,2022-11-18-00-55,Buenos Aires WTA,wta,round of 16,clay,1,0,-1,2.38,6,0,1.59,6,Laura Pigossi,Brazil,-,-,28,115,100,30,31,20,16,343,281,224,177,-0.78,1477,Leolia Jeanjean,France,-,-,27,125,123,48,22,20,10,153,77,79,38,15.29,1591,2,False
2242773,2022-11-18-01-00,Waco ITF,wta,round of 16,hard,2,0,1.71,1.43,5,0,2.71,8,Tori Kinard,USA,-,-,34,825,341,8,14,7,9,252,278,143,180,-7.16,-,Lexington Reed,USA,-,-,16,1144,1144,25,15,10,4,41,29,19,10,1.54,-,2,False
2242713,2022-11-18-01-00,St. Etienne ITF,wta,round of 16,indoors,2,0,0.07,7.85,5,0,1.07,8,Aubane Droguet,France,-,-,19,871,711,11,11,5,5,57,57,26,23,-4.36,-,Jana Fett,Croatia,168,65,26,236,97,32,26,10,6,294,203,100,49,-6.52,1413,2,False
2242711,2022-11-18-02-00,St. Etienne ITF,wta,round of 16,indoors,2,2,3.8,1.16,4,0,4.8,5,Pemra Ozgen,Turkey,170,57,36,285,182,34,26,3,4,569,468,106,102,-8.99,-,Tess Sugnaux,Switzerland,-,-,27,706,413,28,31,9,8,358,300,126,96,-7.58,-,2,False
2242041,2022-11-18-02-10,Champaign challenger,atp,round of 16,indoors,1,0,-1,1.83,5,0,2.0,6,Nicolas Alvarez Varona,Spain,188,80,21,227,219,23,32,7,7,152,119,7,8,-5.76,1446,August Holmgren,Denmark,-,-,24,518,508,34,12,3,2,110,46,3,2,6.14,-,2,False
2242581,2022-11-18-02-15,Buenos Aires WTA,wta,round of 16,clay,1,0,-1,1.69,7,0,2.19,5,Panna Udvardy,Hungary,-,-,24,83,76,38,35,24,21,284,195,222,138,-12.88,1593,Emma Navarro,USA,-,-,21,154,127,31,16,23,8,86,65,60,36,7.1,1580,2,False
2242717,2022-11-18-02-30,Waco ITF,wta,round of 16,hard,2,0,-1,1.95,4,0,1.79,7,Haley Giavara,USA,-,-,22,908,650,4,4,2,3,45,59,29,37,4.59,-,Martina Okalova,Slovakia,-,-,25,1051,978,21,8,14,4,69,37,29,16,2.12,-,1,False
2242741,2022-11-18-02-40,Buenos Aires WTA,wta,round of 16,clay,2,0,-1,3.03,6,0,1.39,9,Natalija Stevanovic,Serbia,-,-,28,210,162,40,23,15,9,393,251,247,147,5.98,1383,Paula Ormaechea,Argentina,170,57,30,185,59,36,23,31,18,431,275,349,184,-0.12,1433,1,False
2242085,2022-11-18-03-40,Champaign challenger,atp,round of 16,indoors,2,0,-1,2.6,7,0,1.51,6,Lucas Gerch,Germany,193,86,27,283,283,57,28,10,5,242,146,24,14,3.48,1438,Steve Johnson,USA,188,86,32,113,21,32,27,1,1,387,299,36,33,-1.58,1648,1,False
2242053,2022-11-18-03-40,Champaign challenger,atp,round of 16,indoors,2,0,0.16,5.44,5,0,1.16,10,Ethan Quinn,USA,-,-,18,485,474,30,13,3,2,37,18,3,2,7.74,-,Ben Shelton,USA,-,-,20,108,108,36,11,20,2,57,19,26,4,10.68,1700,2,False
2242761,2022-11-18-03-50,Waco ITF,wta,round of 16,hard,2,0,0.65,2.16,7,0,1.65,5,Daria Smetannikov,USA,-,-,18,-,-,17,7,3,0,30,20,16,13,-5.62,-,Alina Shcherbinina,Russia,-,-,19,1229,912,9,8,6,7,20,23,8,13,-0.38,-,2,False
2237465,2022-11-18-05-10,Masters Cup ATP,atp,-,indoors,2,0,1.58,1.57,8,1,2.58,7,Felix Auger Aliassime,Canada,193,88,22,6,6,58,27,26,5,283,163,63,31,6.23,2024,Harry Fritz Taylor,USA,193,86,25,9,8,44,20,5,4,315,209,44,35,10.26,-,2,False
2242807,2022-11-18-08-00,Traralgon 2 ITF,wta,quarterfinal,hard,1,1,-1,1.24,7,0,3.8,2,Naiktha Bains,Great Britain,-,-,24,358,199,22,23,20,18,203,220,123,140,-3.82,-,Haruna Arakawa,Japan,-,-,23,424,352,33,28,33,26,149,142,123,114,-3.78,-,2,False
2242803,2022-11-18-08-00,Traralgon 2 ITF,wta,quarterfinal,hard,1,0,0.77,1.77,7,1,1.98,6,Madelyn Nugroho Priska,Indonesia,-,-,19,517,512,28,9,28,9,44,26,32,20,1.42,-,Alexandra Bozovic,Australia,-,-,23,314,314,25,19,24,15,199,134,165,105,-0.87,-,1,False
2242771,2022-11-18-08-00,Traralgon 2 ITF,wta,quarterfinal,hard,2,1,0.79,1.96,5,0,1.79,6,Ankita Raina,India,163,57,29,302,160,28,23,20,16,350,299,266,200,-2.08,1359,Destanee Aiava,Australia,175,70,22,402,147,43,12,38,10,194,118,145,84,-1.31,-,2,False
2242071,2022-11-19-05-00,Champaign challenger,atp,round of 16,indoors,1,2,0.45,1.45,8,0,2.78,8,Christopher Eubanks,USA,201,82,26,129,120,41,25,12,5,184,147,39,24,-0.79,1648,Tennys Sandgren,USA,188,88,31,268,41,25,22,5,6,430,308,65,49,-1.98,1556,1,False
2242923,2022-11-18-10-10,Tokyo 4 ITF,wta,quarterfinal,indoors,1,0,0.61,1.61,8,0,2.24,9,Katarina Zavatska,Ukraine,172,63,22,340,103,20,14,2,0,210,142,29,23,4.05,1520,Mai Hontama,Japan,-,-,23,209,126,38,24,3,3,181,115,8,9,-7.98,1526,1,False
2242813,2022-11-18-10-10,Tokyo 4 ITF,wta,quarterfinal,indoors,1,1,0.34,1.34,7,1,3.09,4,Xinyu Wang,China,182,75,21,99,68,28,27,13,7,164,110,37,18,-12.0,1619,Misaki Doi,Japan,159,55,31,181,30,12,25,4,4,397,376,71,44,-13.04,1550,1,False
2242817,2022-11-18-11-05,Kobe challenger,atp,quarterfinal,indoors,1,5,-1,1.43,9,0,2.9,8,Christopher O'Connell,Australia,183,78,28,84,84,49,24,2,0,337,194,16,9,3.58,-,Marc Polmans,Australia,188,78,25,371,116,17,11,4,0,289,224,14,15,3.77,1468,2,False
2242805,2022-11-18-11-10,Kobe challenger,atp,quarterfinal,indoors,2,0,0.25,4.1,5,0,1.25,5,Shinji Hazawa,Japan,175,68,23,655,514,50,25,2,0,87,56,4,4,-0.98,-,Ferreira Silva Frederico,Portugal,178,74,27,291,168,28,24,6,2,448,266,27,20,-0.88,-,2,False
2242801,2022-11-18-12-05,Tokyo 4 ITF,wta,quarterfinal,indoors,2,0,0.19,4.29,6,2,1.19,4,Momoko Kobori,Japan,-,-,24,406,226,33,21,2,0,172,130,6,8,-5.11,-,Moyuka Uchijima,Japan,-,-,21,106,105,52,27,9,3,151,96,15,6,5.85,1520,2,False
2242925,2022-11-18-12-40,Tokyo 4 ITF,wta,quarterfinal,indoors,2,0,0.19,4.28,5,1,1.19,9,Kyoka Okamura,Japan,-,-,27,309,223,28,24,3,1,267,229,20,15,-3.55,-,Na-Lae Han,South Korea,165,58,30,178,149,47,17,2,0,398,262,9,9,5.17,-,2,False
2242815,2022-11-18-13-20,Kobe challenger,atp,quarterfinal,indoors,2,0,0.28,3.78,5,0,1.28,7,Ramkumar Ramanathan,India,188,80,28,289,111,15,32,3,5,439,358,41,45,-6.01,1407,Yosuke Watanuki,Japan,180,63,24,195,171,32,22,11,6,172,118,53,26,3.95,1592,2,False
2242243,2022-11-18-15-15,Kobe challenger,atp,quarterfinal,indoors,1,0,2.23,3.23,6,0,1.36,7,Nino Serdarusic,Croatia,191,85,25,256,167,28,34,3,6,316,265,32,48,-8.16,1415,John Millman,Australia,183,79,33,156,33,22,26,2,1,466,323,60,36,-10.06,1651,1,False
2242979,2022-11-18-16-00,Antalya 32 ITF,wta,quarterfinal,clay,1,2,-1,1.59,7,0,2.27,7,Tamara Curovic,Serbia,-,-,28,564,394,31,27,26,21,377,307,213,175,-10.61,-,Emma Lene,France,-,-,23,768,729,21,11,15,7,117,110,76,72,0.38,-,2,False
2243007,2022-11-18-17-00,Antalya 32 ITF,wta,quarterfinal,clay,1,0,0.88,1.88,6,0,1.86,5,Giorgia Pinto,Italy,-,-,30,772,696,17,18,17,18,146,166,76,91,-6.01,-,Linda Sevcikova,Czech Republic,-,-,24,1028,1028,23,21,23,21,65,83,53,67,-7.98,-,1,False
2243039,2022-11-18-17-00,Sharm El Sheikh 20 ITF,wta,quarterfinal,hard,2,0,-1,2.62,5,0,1.42,6,Magali Kempen,Belgium,-,-,24,241,239,38,21,8,2,236,131,125,53,7.48,1394,Nina Stojanovic,Serbia,176,63,26,637,81,5,3,5,3,242,167,136,85,-0.79,-,1,False
2242989,2022-11-18-17-00,Heraklion 10 ITF,wta,quarterfinal,clay,1,0,0.37,1.37,7,2,2.94,6,Katharina Hobgarski,Germany,171,56,25,206,193,46,21,45,17,283,155,235,110,3.47,-,Dea Herdzelas,Bosnia and Herzeg.,-,-,26,330,183,27,27,16,18,326,207,204,129,-11.93,1309,1,False
2243051,2022-11-18-18-00,Nules ITF,wta,quarterfinal,clay,1,0,-1,1.91,7,0,1.83,6,Mihaela Djakovic,Serbia,-,-,20,1249,671,9,6,6,4,116,99,51,47,-2.67,-,Alessandra Mazzola,Italy,-,-,22,997,980,24,11,23,7,41,36,36,26,3.68,-,2,False
2243041,2022-11-18-18-30,Solarino 3 ITF,wta,quarterfinal,hard,2,0,-1,1.13,8,0,5.53,6,Federica Bilardo,Italy,-,-,23,570,547,41,20,7,0,185,130,40,19,-2.41,-,Anastasia Abbagnato,Italy,-,-,18,1030,1030,17,19,6,3,23,29,8,8,-1.54,-,1,False
2243053,2022-11-18-18-30,Sharm El Sheikh 20 ITF,wta,quarterfinal,hard,1,0,-1,7.32,7,0,1.06,8,Ekaterina Shalimova,Russia,-,-,22,857,379,12,4,7,2,99,75,43,27,2.76,-,Petra Marcinko,Croatia,-,-,16,194,194,35,12,2,1,47,18,8,4,6.69,1532,2,False
2243075,2022-11-18-18-30,Heraklion 10 ITF,wta,quarterfinal,clay,2,0,0.24,3.82,7,0,1.24,8,Gabriela Vasilescu Arina,Romania,-,-,25,556,556,50,34,21,16,218,167,135,97,-9.46,-,Julia Terziyska,Bulgaria,180,69,26,532,306,42,13,14,6,277,145,66,50,6.54,-,2,False
2242991,2022-11-18-18-40,Meitar ITF,wta,semifinal,hard,1,0,-1,1.27,7,0,3.56,8,Rebecca Peterson,Sweden,173,65,27,142,43,26,19,14,10,326,198,157,86,-4.93,1642,Ekaterina Reyngold,Russia,-,-,21,252,252,42,23,16,8,104,58,39,21,0.72,1246,2,False
2243033,2022-11-18-19-00,Bratislava 6 ITF,wta,quarterfinal,indoors,1,0,0.6,1.6,7,0,2.26,5,Barbora Palicova,Czech Republic,-,-,18,220,217,60,24,22,7,91,49,27,10,3.36,1588,Daria Snigur,Ukraine,-,-,20,105,105,34,23,13,7,126,62,28,16,-2.95,1537,1,False
2243037,2022-11-18-19-30,St. Etienne ITF,wta,quarterfinal,indoors,2,0,-1,1.98,5,0,1.77,5,Ekaterina Kazionova,Russia,-,-,23,335,280,19,26,8,8,203,162,94,58,-11.33,1219,Conny Perrin,Switzerland,-,-,31,413,134,28,31,5,5,544,415,65,52,-19.66,1276,1,False
