match_id,time_stamp,title,tour,round,surface,winner,predict,prediction_roi,player1_name,player1_country,player1_height,player1_weight,player1_age,player1_current_rank,player1_highest_rank,player1_year_total_win,player1_year_total_lose,player1_year_surface_win,player1_year_surface_lose,player1_career_total_win,player1_career_total_lose,player1_career_surface_win,player1_career_surface_lose,player1_roi,player1_H2H,player1_elo,player1_odds,player1_latest_win,player2_name,player2_country,player2_height,player2_weight,player2_age,player2_current_rank,player2_highest_rank,player2_year_total_win,player2_year_total_lose,player2_year_surface_win,player2_year_surface_lose,player2_career_total_win,player2_career_total_lose,player2_career_surface_win,player2_career_surface_lose,player2_roi,player2_H2H,player2_elo,player2_odds,player2_latest_win,strong_predict
2106231,2022-06-01-21-25,Makarska,wta,1. round,clay,2,1,-1,Maria Bara Irina,Romania,164,80,27,112,104,17,15,13,8,370,247,324,180,-2.24,0,-,1.97,7,Clara Burel,France,-,-,21,94,74,5,11,3,6,99,68,46,35,-4.9,0,1562,1.85,3
2106217,2022-06-01-21-45,Makarska,wta,1. round,clay,1,1,0.22,Varvara Gracheva,Russia,178,-,21,71,70,18,12,10,7,194,114,118,51,1.0,0,1662,1.22,6,Dalila Jakupovic,Slovenia,178,70,31,311,69,31,15,17,11,433,374,211,176,-5.83,0,1373,4.35,8
2106247,2022-06-01-21-50,Makarska,wta,1. round,clay,1,2,-1,Anastasia Gasanova,Russia,-,-,23,154,121,5,13,3,5,195,126,59,34,-1.56,0,1444,3.17,3,Lucia Bronzetti,Italy,-,-,23,73,73,23,12,9,4,248,161,152,106,4.16,1,1683,1.37,6
2106833,2022-06-01-22-40,French Open,wta,quarterfinal,clay,1,1,0.11,Iga Swiatek,Poland,176,65,21,1,1,41,3,13,0,201,51,97,14,9.13,1,2187,1.11,10,Jessica Pegula,USA,170,70,28,11,11,23,11,11,3,343,211,107,69,4.43,1,1881,8.3,8
2106245,2022-06-01-23-25,Makarska,wta,1. round,clay,2,2,0.02,Esina Samardzic Ayline,Switzerland,-,-,19,-,-,2,5,2,3,11,35,6,18,-3.17,0,-,15.56,2,Anastasia Tikhonova,Russia,-,-,21,175,175,18,12,3,5,104,56,10,17,2.02,0,1364,1.02,4
2106237,2022-06-02-00-00,Makarska,wta,1. round,clay,1,1,1.61,Tara Wurth,Croatia,-,-,19,357,340,12,7,12,7,78,31,78,30,0.22,0,-,2.61,6,Reka-Luca Jani,Hungary,161,58,30,145,128,31,15,26,11,575,322,478,234,-0.72,1,-,1.51,6
2106243,2022-06-02-01-35,Makarska,wta,1. round,clay,1,2,-1,Xiyu Wang,China,181,66,21,110,103,23,12,16,6,141,90,45,24,-2.25,0,1644,1.5,7,Tena Lukas,Croatia,-,-,27,241,241,26,11,25,9,370,260,327,200,6.28,0,1374,2.62,8
2106839,2022-06-02-00-40,French Open,atp,quarterfinal,clay,2,1,-1,Andrey Rublev,Russia,188,70,24,7,5,29,7,11,3,369,200,99,57,5.31,5,1975,1.72,8,Marin Cilic,Croatia,198,89,33,23,3,17,11,8,4,681,367,169,105,1.45,2,1829,2.25,7
2106121,2022-06-02-05-30,French Open,atp,quarterfinal,clay,1,2,-1,Casper Ruud,Norway,183,77,23,8,7,28,9,19,5,300,170,187,91,0.51,3,2003,1.43,9,Holger Rune,Denmark,185,68,19,40,40,27,13,21,7,145,69,101,41,5.69,0,1847,3.05,8
