match_id,time_stamp,title,tour,round,surface,winner,predict,prediction_roi,player1_name,player1_country,player1_height,player1_weight,player1_age,player1_current_rank,player1_highest_rank,player1_year_total_win,player1_year_total_lose,player1_year_surface_win,player1_year_surface_lose,player1_career_total_win,player1_career_total_lose,player1_career_surface_win,player1_career_surface_lose,player1_roi,player1_H2H,player1_elo,player1_odds,player1_latest_win,player2_name,player2_country,player2_height,player2_weight,player2_age,player2_current_rank,player2_highest_rank,player2_year_total_win,player2_year_total_lose,player2_year_surface_win,player2_year_surface_lose,player2_career_total_win,player2_career_total_lose,player2_career_surface_win,player2_career_surface_lose,player2_roi,player2_H2H,player2_elo,player2_odds,player2_latest_win,strong_predict
2194900,2022-09-16-21-35,Chennai WTA,wta,quarterfinal,hard,2,1,-1,Eugenie Bouchard,Canada,178,61,28,902,5,3,2,3,2,308,222,152,125,1.32,0,-,2.14,6,Nadia Podoroska,Argentina,170,60,25,298,36,18,10,2,2,333,179,94,62,-2.48,0,1649,1.79,6
2194870,2022-09-16-22-00,Portoroz WTA,wta,quarterfinal,hard,1,2,-1,Anna-Lena Friedsam,Germany,174,68,28,213,45,21,21,6,6,327,208,85,61,-0.92,0,-,2.86,7,Diane Parry,France,-,-,20,71,71,21,21,9,10,133,96,25,24,2.33,0,1632,1.48,6
2194932,2022-09-17-00-55,Chennai WTA,wta,quarterfinal,hard,1,1,0.48,Linda Fruhvirtova,Czech Republic,-,-,17,130,130,27,18,14,4,76,50,39,12,-1.78,0,1450,1.48,8,Varvara Gracheva,Russia,178,-,22,80,59,22,23,6,7,198,125,44,39,-8.72,0,1554,2.88,2
2194810,2022-09-17-02-45,Chennai WTA,wta,quarterfinal,hard,1,1,0.49,Magda Linette,Poland,171,59,30,67,33,30,23,15,11,448,324,181,138,3.47,0,1779,1.49,6,Rebecca Marino,Canada,183,64,31,90,38,42,19,31,11,290,178,203,100,-0.37,0,1677,2.84,6
2194812,2022-09-17-04-45,Chennai WTA,wta,quarterfinal,hard,1,2,-1,Katie Swan,Great Britain,170,55,23,174,163,20,11,16,5,172,108,137,63,2.12,1,1523,2.2,8,Nao Hibino,Japan,163,57,27,185,56,28,21,21,13,307,245,225,162,4.67,0,1546,1.76,7
