match_id,time_stamp,title,tour,round,surface,winner,predict,prediction_roi,player1_name,player1_country,player1_height,player1_weight,player1_age,player1_current_rank,player1_highest_rank,player1_year_total_win,player1_year_total_lose,player1_year_surface_win,player1_year_surface_lose,player1_career_total_win,player1_career_total_lose,player1_career_surface_win,player1_career_surface_lose,player1_roi,player1_H2H,player1_elo,player1_odds,player1_latest_win,player2_name,player2_country,player2_height,player2_weight,player2_age,player2_current_rank,player2_highest_rank,player2_year_total_win,player2_year_total_lose,player2_year_surface_win,player2_year_surface_lose,player2_career_total_win,player2_career_total_lose,player2_career_surface_win,player2_career_surface_lose,player2_roi,player2_H2H,player2_elo,player2_odds,player2_latest_win,strong_predict
2069121,2022-04-10-21-50,Monte Carlo,atp,1. round,clay,1,2,-1,Alejandro Davidovich Fokina,Spain,183,80,22,45,32,4,9,0,1,201,137,92,57,-6.17,0,1786,1.53,3,Marcos Giron,USA,180,77,28,53,52,6,9,0,1,360,216,25,21,0.22,0,1721,2.7,4
2069133,2022-04-10-23-00,Monte Carlo,atp,1. round,clay,1,1,0.5,Grigor Dimitrov,Bulgaria,191,81,30,28,3,7,6,0,0,525,318,153,90,-1.51,1,1845,1.5,5,Nikoloz Basilashvili,Georgia,185,79,30,20,16,3,10,0,0,445,364,159,116,-5.25,0,1762,2.79,4
2069453,2022-04-11-00-15,Marrakech,atp,final,clay,2,1,-1,Alex Molcan,Slovakia,178,73,24,65,65,12,7,6,1,223,126,138,71,4.63,1,1743,1.86,7,David Goffin,Belgium,180,70,31,74,7,12,10,4,0,577,316,183,88,0.74,0,1765,2.05,7
2069143,2022-04-11-00-30,Monte Carlo,atp,1. round,clay,1,1,0.52,Marton Fucsovics,Hungary,188,82,30,57,31,7,9,0,0,429,312,149,107,-1.93,2,1758,1.52,4,Lloyd Harris,RSA,193,80,25,40,31,5,8,0,0,319,161,31,29,-3.81,2,1742,2.72,5
2069131,2022-04-11-01-05,Monte Carlo,atp,1. round,clay,1,1,1.16,Dusan Lajovic,Serbia,183,83,31,48,23,4,10,1,2,515,403,330,215,-1.12,1,1682,2.16,3,Filip Krajinovic,Serbia,185,75,30,39,26,7,6,0,0,470,282,270,121,-2.15,2,1772,1.78,5
2069977,2022-04-11-02-05,Bogotá WTA,wta,final,clay,2,2,0.46,Laura Pigossi,Brazil,-,-,27,212,185,11,8,9,2,324,258,213,163,7.66,0,1283,2.95,8,Tatiana Maria,Germany,172,62,34,237,46,20,7,6,0,640,467,245,184,10.29,0,-,1.46,7
2069997,2022-04-11-03-40,Charleston,wta,final,clay,2,2,0.95,Ons Jabeur,Tunis,167,66,27,10,7,12,5,4,0,378,210,118,53,1.26,1,1934,1.95,7,Belinda Bencic,Switzerland,175,63,25,21,4,14,6,5,0,356,188,72,40,1.76,1,1853,1.95,9
2069999,2022-04-11-05-00,Houston,atp,final,clay,1,1,0.62,Reilly Opelka,USA,211,102,24,18,17,16,6,3,0,215,161,67,46,4.42,4,1854,1.62,7,John Isner,USA,208,108,36,27,8,9,8,3,0,546,343,77,59,-1.37,1,1823,2.45,6
2069129,2022-04-11-19-10,Monte Carlo,atp,1. round,clay,1,2,-1,Sebastian Korda,USA,193,75,21,42,38,8,5,0,0,170,108,66,43,-0.32,0,1839,1.62,6,Van De Zandschulp,Netherlands,188,83,26,41,41,11,8,2,1,292,147,150,88,-0.19,1,1782,2.46,6
2069139,2022-04-11-19-10,Monte Carlo,atp,1. round,clay,1,1,0.53,Albert Ramos-Vinolas,Spain,188,76,34,37,17,8,6,8,4,694,522,564,340,0.17,0,-,1.53,5,Tallon Griekspoor,Netherlands,188,85,25,58,54,5,7,0,1,314,173,153,83,-3.19,0,1818,2.68,3
2069149,2022-04-11-19-15,Monte Carlo,atp,1. round,clay,1,2,-1,Fabio Fognini,Italy,178,79,34,32,9,7,5,4,2,618,466,397,237,1.7,0,1803,1.49,6,Arthur Rinderknech,France,196,86,26,59,48,12,8,0,0,227,134,82,55,3.85,0,1770,2.84,5
