match_id,time_stamp,title,tour,round,surface,winner,predict,prediction_roi,player1_name,player1_country,player1_height,player1_weight,player1_age,player1_current_rank,player1_highest_rank,player1_year_total_win,player1_year_total_lose,player1_year_surface_win,player1_year_surface_lose,player1_career_total_win,player1_career_total_lose,player1_career_surface_win,player1_career_surface_lose,player1_roi,player1_H2H,player1_elo,player1_odds,player1_latest_win,player2_name,player2_country,player2_height,player2_weight,player2_age,player2_current_rank,player2_highest_rank,player2_year_total_win,player2_year_total_lose,player2_year_surface_win,player2_year_surface_lose,player2_career_total_win,player2_career_total_lose,player2_career_surface_win,player2_career_surface_lose,player2_roi,player2_H2H,player2_elo,player2_odds,player2_latest_win,strong_predict
2039650,2022-02-21-21-25,Dubai,atp,1. round,hard,1,1,0.05,Filip Krajinovic,Serbia,185,75,29,44,26,5,4,2,2,468,280,107,84,-0.78,1,1755,1.05,5,Malek Jaziri,Tunis,185,81,38,297,42,2,3,2,2,636,504,245,183,-0.73,0,1394,12.43,4
2040646,2022-02-21-22-10,Dubai,atp,1. round,hard,2,2,0.98,David Goffin,Belgium,180,70,31,48,7,3,6,2,4,568,312,211,120,-2.88,0,1769,1.91,3,Taro Daniel,Japan,191,80,29,111,64,10,3,10,3,517,330,146,109,6.38,0,1656,1.98,7
2039730,2022-02-21-21-35,Doha,wta,1. round,hard,1,1,0.19,Jelena Ostapenko,Latvia,177,68,24,13,5,10,3,7,2,306,185,89,79,6.27,0,1912,1.19,8,Oceane Dodin,France,183,59,25,93,46,6,6,4,5,330,203,88,57,-2.23,1,1593,5.25,5
2039726,2022-02-21-21-35,Doha,wta,1. round,hard,1,2,-1,Viktorija Golubic,Switzerland,169,56,29,36,36,3,4,3,4,421,254,116,79,-1.65,1,1747,1.85,4,Andrea Petkovic,Germany,180,69,34,59,9,5,3,4,2,537,368,179,146,2.97,0,1735,2.04,5
2039396,2022-02-21-21-35,Doha,wta,1. round,hard,2,1,-1,Alison Riske,USA,175,66,31,52,18,4,4,4,4,399,320,205,181,0.58,5,1791,1.59,6,Magda Linette,Poland,171,59,30,67,33,2,4,2,3,420,305,168,130,-1.97,0,1749,2.5,4
2039374,2022-02-21-21-35,Doha,wta,1. round,hard,2,1,-1,Simona Halep,Romania,168,60,30,27,1,11,2,11,2,564,231,251,109,0.85,7,1992,1.1,8,Caroline Garcia,France,177,61,28,76,4,1,4,1,4,381,302,173,148,4.26,1,1719,8.16,4
2039384,2022-02-21-20-10,Doha,wta,1. round,hard,1,1,2.59,Tereza Martincova,Czech Republic,179,64,27,42,40,3,4,2,3,407,307,110,83,3.19,0,1774,3.59,5,Elina Svitolina,Ukraine,174,60,27,15,3,3,4,3,4,460,235,262,117,-2.5,1,1923,1.33,4
2040648,2022-02-22-00-15,Dubai,atp,1. round,hard,1,2,-1,Andy Murray,Great Britain,190,83,34,89,1,7,5,6,4,813,272,394,126,-0.62,0,1818,1.5,6,Christopher O'Connell,Australia,183,78,27,158,111,8,4,8,4,296,174,129,88,4.75,0,-,2.77,7
2040592,2022-02-22-01-25,Doha,wta,2. round,hard,1,2,-1,Garbine Muguruza,Spain,182,73,28,9,1,3,3,3,3,460,233,237,114,-1.17,4,2000,1.53,7,Sorana-Mihaela Cirstea,Romania,176,59,31,31,21,6,4,5,3,494,370,224,169,3.32,0,-,2.7,6
2039368,2022-02-22-00-45,Doha,wta,1. round,hard,1,2,-1,Belen Teichmann Jil,Switzerland,170,80,24,41,31,5,5,5,4,243,171,71,63,-0.09,1,-,1.88,5,Angelique Kerber,Germany,173,68,34,18,1,0,1,0,1,688,362,355,177,0.0,0,1912,2.0,6
2039388,2022-02-22-00-15,Doha,wta,1. round,hard,1,2,-1,Petra Kvitova,Czech Republic,183,70,31,21,2,4,5,3,4,611,268,265,136,-0.74,5,1926,1.4,4,Irina Begu,Romania,181,67,31,55,22,6,4,3,3,471,318,140,129,4.44,1,-,3.17,6
2039386,2022-02-22-00-05,Doha,wta,1. round,hard,1,1,0.23,Elise Mertens,Belgium,179,67,26,26,12,6,4,4,3,372,201,206,93,-0.99,2,1910,1.23,6,Jasmine Paolini,Italy,160,60,26,44,44,3,4,3,4,300,209,82,66,-1.43,1,1735,4.6,5
2039632,2022-02-22-03-20,Dubai,atp,1. round,hard,1,1,0.06,Novak Djokovic,Serbia,187,80,34,1,1,56,7,20,3,1130,239,530,98,0.0,1,2156,1.06,9,Lorenzo Musetti,Italy,185,75,19,58,57,3,4,1,3,120,83,17,17,2.59,0,1668,11.81,4
2040388,2022-02-22-02-45,Santiago,atp,1. round,clay,1,1,0.74,Facundo Bagnis,Argentina,183,82,31,74,55,1,6,0,3,577,399,545,342,1.69,0,1661,1.74,3,Bernabe Zapata Miralles,Spain,183,82,25,119,110,3,5,0,1,355,246,247,143,-0.28,1,1674,2.2,4
2040960,2022-02-22-03-10,Doha,wta,1. round,hard,1,2,-1,Arantxa Rus,Netherlands,180,65,31,66,61,3,4,1,3,595,361,136,117,-2.21,0,1670,4.32,4,Veronika Kudermetova,Russia,175,63,24,25,25,8,4,8,3,279,188,139,89,9.11,3,1844,1.25,6
2040798,2022-02-22-03-10,Doha,wta,2. round,hard,2,1,-1,Ana Konjuh,Croatia,174,65,24,51,20,6,3,6,3,218,132,78,55,4.9,0,1792,4.86,6,Anett Kontaveit,Estonia,174,65,26,7,6,9,2,4,2,390,187,156,90,1.84,2,2069,1.22,8
2040616,2022-02-22-01-55,Doha,wta,1. round,hard,1,2,-1,Adina Cristian Jaqueline,Romania,180,-,23,71,58,4,6,3,5,244,169,84,56,-2.56,0,-,1.2,5,Elena Rybakina,Kazakhstan,184,73,22,20,12,7,2,6,2,210,100,84,45,-0.99,1,1952,5.1,5
2041136,2022-02-22-07-00,Guadalajara WTA,wta,1. round,hard,2,1,-1,Brenda Fruhvirtova,Czech Republic,-,-,14,435,435,15,1,5,1,25,13,6,3,6.53,0,-,2.47,10,A. Stephens Sloane,USA,170,61,28,57,3,0,1,0,1,341,241,189,149,0.0,0,1757,1.6,6
2040574,2022-02-22-06-35,Guadalajara WTA,wta,1. round,hard,1,1,0.61,Qiang Wang,China,172,60,30,144,12,2,3,2,3,446,280,313,188,6.49,1,1754,1.61,4,Lauren Davis,USA,157,55,28,87,26,4,3,4,3,327,234,186,146,1.64,1,1678,2.45,5
2040562,2022-02-22-05-10,Guadalajara WTA,wta,1. round,hard,1,2,-1,Anna Kalinskaya,Russia,175,68,23,100,96,3,3,2,2,210,126,102,48,-1.1,0,1729,3.06,5,Qinwen Zheng,China,-,-,19,77,77,14,2,14,2,114,41,50,22,5.45,0,1816,1.42,9
2040570,2022-02-22-05-05,Guadalajara WTA,wta,1. round,hard,2,1,-1,Nuria Parrizas-Diaz,Spain,-,-,30,47,47,4,3,4,3,489,298,336,169,1.9,0,-,1.61,5,Anna Schmiedlova Karolina,Slovakia,-,-,27,88,26,2,3,2,3,356,238,119,96,-1.94,0,1670,2.45,4
2040386,2022-02-22-10-15,Santiago,atp,1. round,clay,2,2,0.86,Nicolas Jarry,Chile,198,90,26,143,38,4,2,4,2,307,207,240,129,1.54,2,1652,2.03,7,Thiago Monteiro,Brazil,183,78,27,107,74,6,7,2,3,405,298,324,219,2.35,1,1664,1.86,4
2040972,2022-02-22-07-05,Santiago,atp,1. round,clay,2,2,0.65,Nicolas Kicker,Argentina,178,75,29,203,78,2,4,1,2,386,244,361,218,-2.58,0,1528,2.37,5,Thiago Seyboth Wild,Brazil,185,78,21,135,106,1,3,1,2,129,109,112,88,-0.23,1,1440,1.65,4
2041204,2022-02-22-10-05,Acapulco,atp,1. round,hard,2,1,-1,Brandon Nakashima,USA,185,77,20,75,62,4,4,3,3,130,71,77,41,-1.45,0,1822,1.12,5,Peter Gojowczyk,Germany,188,83,32,95,39,1,6,1,4,592,444,187,136,-4.84,0,1625,7.32,1
2040278,2022-02-22-09-10,Acapulco,atp,1. round,hard,2,1,-1,Adrian Mannarino,France,180,79,33,55,22,9,6,5,4,622,479,249,168,9.91,2,1750,3.61,6,Harry Fritz Taylor,USA,193,86,24,16,16,6,3,5,2,277,192,174,105,1.79,0,-,1.33,7
2040576,2022-02-22-10-05,Guadalajara WTA,wta,1. round,hard,1,2,-1,Harmony Tan,France,-,-,24,104,104,1,2,1,2,270,213,77,58,1.48,0,1655,7.75,6,Madison Keys,USA,178,66,27,29,7,11,2,11,2,319,175,195,109,7.09,0,1938,1.11,9
2041138,2022-02-22-07-50,Guadalajara WTA,wta,1. round,hard,2,2,1.06,Caty McNally,USA,167,51,20,156,105,3,3,1,2,103,77,54,47,0.32,0,-,1.84,4,Lucia Bronzetti,Italy,-,-,23,112,112,8,2,8,2,233,151,62,27,2.81,0,1611,2.06,8
2041206,2022-02-22-12-40,Acapulco,atp,1. round,hard,1,1,0.41,Pablo Carreno-Busta,Spain,188,78,30,17,10,7,3,7,2,565,302,160,81,-0.2,0,-,1.41,7,Oscar Otte,Germany,193,79,28,82,82,5,5,5,4,433,239,55,33,-1.36,0,1714,3.1,5
2040284,2022-02-22-11-00,Acapulco,atp,1. round,hard,1,2,-1,Dusan Lajovic,Serbia,183,83,31,46,23,3,7,2,5,514,400,101,89,-1.73,0,1679,5.03,3,Sebastian Korda,USA,193,75,21,40,38,4,2,4,2,166,105,55,41,1.45,0,1899,1.2,7
2040294,2022-02-22-09-10,Acapulco,atp,1. round,hard,2,1,-1,Fernando Verdasco,Spain,188,90,38,152,7,6,5,0,0,704,510,252,192,2.7,1,1637,3.89,5,John Isner,USA,208,108,36,23,8,3,5,1,4,540,340,330,174,-2.42,2,1822,1.3,3
2040564,2022-02-22-12-10,Guadalajara WTA,wta,1. round,hard,2,1,-1,Misaki Doi,Japan,159,55,30,78,30,4,3,4,3,389,354,223,216,1.76,1,1655,2.37,6,Marie Bouzkova,Czech Republic,180,61,23,96,46,4,2,4,2,267,155,178,82,0.22,0,1700,1.65,5
2042050,2022-02-22-12-45,Acapulco,atp,1. round,hard,2,2,2.72,Grigor Dimitrov,Bulgaria,191,81,30,33,3,4,3,4,3,522,315,219,133,-0.62,0,1872,1.31,6,Stefan Kozlov,USA,183,79,24,130,115,7,6,6,5,264,190,132,101,0.44,0,1639,3.72,6
2040296,2022-02-22-16-35,Acapulco,atp,1. round,hard,2,1,-1,Jenson Brooksby,USA,188,82,21,47,45,6,2,0,0,131,60,81,42,0.61,0,1919,4.39,8,Alexander Zverev,Germany,198,90,24,3,3,8,3,5,2,414,214,160,83,-1.05,1,2097,1.25,7
2041738,2022-02-22-19-00,Dubai,atp,1. round,hard,1,1,1.49,Alex Molcan,Slovakia,178,73,24,69,69,5,5,5,4,216,124,54,28,-0.92,0,1737,2.49,5,Lloyd Harris,RSA,193,80,24,35,31,0,4,0,3,314,157,234,89,-3.0,1,1803,1.6,3
2039648,2022-02-22-19-00,Dubai,atp,1. round,hard,2,1,-1,Aslan Karatsev,Russia,185,-,28,22,14,7,4,6,2,406,252,149,72,1.48,1,1852,1.69,6,Mackenzie McDonald,USA,178,73,26,61,49,4,6,2,4,257,181,172,114,-3.15,0,-,2.28,4
2041712,2022-02-22-20-00,Doha,wta,2. round,hard,1,2,-1,Elise Mertens,Belgium,179,67,26,26,12,7,4,5,3,373,201,207,93,-0.78,0,1910,2.67,6,Petra Kvitova,Czech Republic,183,70,31,21,2,5,5,4,4,612,268,266,136,-0.34,1,1926,1.54,5
2040796,2022-02-22-20-00,Doha,wta,2. round,hard,1,2,-1,Paula Badosa,Spain,180,72,24,4,4,8,3,8,3,294,157,116,57,1.17,0,2030,1.51,8,Clara Tauson,Denmark,-,-,19,33,33,6,3,6,3,145,45,53,13,3.21,1,1934,2.77,6
