match_id,time_stamp,title,tour,round,surface,winner,predict,prediction_roi,player1_name,player1_country,player1_height,player1_weight,player1_age,player1_current_rank,player1_highest_rank,player1_year_total_win,player1_year_total_lose,player1_year_surface_win,player1_year_surface_lose,player1_career_total_win,player1_career_total_lose,player1_career_surface_win,player1_career_surface_lose,player1_roi,player1_H2H,player1_elo,player1_odds,player1_latest_win,player2_name,player2_country,player2_height,player2_weight,player2_age,player2_current_rank,player2_highest_rank,player2_year_total_win,player2_year_total_lose,player2_year_surface_win,player2_year_surface_lose,player2_career_total_win,player2_career_total_lose,player2_career_surface_win,player2_career_surface_lose,player2_roi,player2_H2H,player2_elo,player2_odds,player2_latest_win,strong_predict
2103401,2022-05-28-20-55,French Open,atp,3. round,clay,2,1,-1,Miomir Kecmanovic,Serbia,183,75,22,31,31,27,11,15,7,235,150,109,59,9.94,0,1837,2.29,6,Daniil Medvedev,Russia,198,83,26,2,1,18,6,2,1,405,171,66,40,-2.68,0,2035,1.7,6
2103585,2022-05-28-21-55,French Open,wta,3. round,clay,2,2,0.33,Shelby Rogers,USA,175,70,29,50,36,8,10,2,3,291,235,95,76,3.22,1,1723,3.64,4,Darya Kasatkina,Russia,170,62,25,20,10,20,10,9,3,285,157,106,42,6.23,0,-,1.33,8
2103661,2022-05-28-22-00,French Open,wta,3. round,clay,1,1,0.69,Qinwen Zheng,China,-,-,19,74,70,19,8,3,2,119,47,47,15,5.43,0,1736,1.69,5,Alize Cornet,France,173,60,32,40,11,9,12,4,3,536,422,219,135,3.22,0,1720,2.28,4
2103587,2022-05-28-22-25,French Open,wta,3. round,clay,1,1,2.65,Camila Giorgi,Italy,168,54,30,30,26,6,7,2,3,398,292,113,83,-1.97,1,1784,3.65,4,Aryna Sabalenka,Belarus,182,80,24,7,2,15,11,9,4,294,150,53,38,-2.29,1,1953,1.32,7
2103625,2022-05-28-22-40,French Open,wta,3. round,clay,1,1,0.4,Jessica Pegula,USA,170,70,28,11,11,21,11,9,3,341,211,105,69,3.63,1,1881,1.4,8,Tamara Zidansek,Slovenia,167,80,24,25,22,9,8,2,3,275,130,191,59,-1.19,0,1738,3.17,5
2103349,2022-05-28-22-55,French Open,wta,3. round,clay,2,2,3.09,Paula Badosa,Spain,180,72,24,4,2,24,10,8,4,310,164,150,79,-0.68,2,1983,1.27,6,Veronika Kudermetova,Russia,175,63,25,29,22,18,10,5,3,289,194,77,55,11.01,3,1849,4.09,6
2103619,2022-05-28-23-30,French Open,atp,3. round,clay,2,1,-1,Gilles Simon,France,183,70,37,158,6,14,15,4,5,762,545,224,165,10.14,6,1533,5.88,4,Marin Cilic,Croatia,198,89,33,23,3,15,11,6,4,679,367,167,105,-1.48,1,1829,1.17,6
2103455,2022-05-29-00-30,French Open,atp,3. round,clay,2,1,-1,David Goffin,Belgium,180,70,31,48,7,22,14,14,4,587,320,193,92,3.76,1,1832,2.16,7,Hubert Hurkacz,Poland,196,81,25,13,9,22,9,8,3,297,182,87,53,3.72,0,1890,1.78,7
2103655,2022-05-29-00-50,French Open,atp,3. round,clay,2,2,0.04,Mikael Ymer,Sweden,183,75,23,95,67,7,9,2,4,230,133,94,56,0.99,0,1666,14.45,3,Stefanos Tsitsipas,Greece,193,89,23,4,3,33,10,16,3,410,193,153,48,-0.05,3,2086,1.04,8
2103475,2022-05-29-02-25,French Open,atp,3. round,clay,1,1,0.14,Casper Ruud,Norway,183,77,23,8,7,26,9,17,5,298,170,185,91,-0.21,3,1983,1.14,9,Lorenzo Sonego,Italy,191,76,27,35,21,12,13,8,7,329,212,210,116,-6.82,0,1739,6.69,4
2103473,2022-05-29-02-40,French Open,wta,3. round,clay,1,1,1.8,Madison Keys,USA,178,66,27,22,7,17,9,3,3,325,182,70,42,1.79,0,1832,2.8,5,Elena Rybakina,Kazakhstan,184,73,22,16,12,20,9,7,4,223,107,62,31,-3.86,0,1877,1.48,7
2103435,2022-05-29-04-45,French Open,atp,3. round,clay,1,1,0.35,Holger Rune,Denmark,185,68,19,40,40,25,13,19,7,143,69,99,41,1.88,0,1832,1.35,8,Hugo Gaston,France,173,68,21,74,63,7,14,3,5,154,113,85,47,-1.59,0,1630,3.52,4
2103891,2022-05-29-19-10,French Open,wta,round of 16,clay,1,2,-1,Martina Trevisan,Italy,-,-,28,59,59,18,10,11,4,291,163,229,101,2.01,0,1616,1.95,8,Aliaksandra Sasnovich,Belarus,174,60,28,47,30,24,10,9,4,371,236,104,74,5.18,0,1770,1.95,8
2103893,2022-05-29-20-00,French Open,wta,round of 16,clay,1,2,-1,Annie Fernandez Leylah,Canada,158,48,19,18,17,15,7,5,3,126,76,37,27,2.44,1,-,2.78,7,Amanda Anisimova,USA,180,59,20,28,21,23,8,13,3,137,74,48,20,6.87,0,1929,1.51,8
