match_id,time_stamp,title,tour,round,surface,winner,player1_H2H,prediction_roi,player1_odds,player1_latest_win,player2_H2H,player2_odds,player2_latest_win,player1_name,player1_country,player1_height,player1_weight,player1_age,player1_current_rank,player1_highest_rank,player1_year_total_win,player1_year_total_lose,player1_year_surface_win,player1_year_surface_lose,player1_career_total_win,player1_career_total_lose,player1_career_surface_win,player1_career_surface_lose,player1_roi,player1_elo,player2_name,player2_country,player2_height,player2_weight,player2_age,player2_current_rank,player2_highest_rank,player2_year_total_win,player2_year_total_lose,player2_year_surface_win,player2_year_surface_lose,player2_career_total_win,player2_career_total_lose,player2_career_surface_win,player2_career_surface_lose,player2_roi,player2_elo,predict,strong_predict
2231991,2022-11-03-20-55,Paris - Masters,atp,round of 16,indoors,2,3,1.22,1.75,7,0,2.22,7,Alex De Minaur,Australia,183,69,23,25,15,45,23,8,3,279,160,52,30,2.37,1906,Frances Tiafoe,USA,188,86,24,21,17,35,23,4,3,308,217,45,39,3.67,1903,2,False
2232093,2022-11-03-21-50,Paris - Masters,atp,round of 16,indoors,1,0,0.32,1.32,7,0,3.73,6,Carlos Alcaraz,Spain,185,72,19,1,1,56,14,4,2,172,52,14,5,1.97,2082,Grigor Dimitrov,Bulgaria,191,81,31,28,3,26,21,5,3,544,333,97,62,-1.1,1826,1,True
2232133,2022-11-03-22-25,Paris - Masters,atp,round of 16,indoors,1,0,1.35,2.35,9,0,1.67,8,Holger Rune,Denmark,185,68,19,18,18,46,27,17,4,164,83,39,13,10.74,1871,Andrey Rublev,Russia,188,70,25,9,5,49,17,16,3,389,210,112,58,1.93,1992,1,True
2231603,2022-11-04-01-10,Paris - Masters,atp,3. round,indoors,1,9,0.11,1.11,10,1,8.43,6,Novak Djokovic,Serbia,187,80,35,7,1,35,6,11,1,1165,245,158,46,0.35,2082,Karen Khachanov,Russia,198,87,26,19,8,36,24,6,4,359,247,104,72,-0.51,1883,1,False
2232237,2022-11-04-03-45,Paris - Masters,atp,round of 16,indoors,1,2,-1,1.19,7,1,5.36,6,Stefanos Tsitsipas,Greece,193,89,24,5,3,58,21,15,6,435,204,77,42,-1.65,1999,Corentin Moutet,France,175,68,23,64,64,40,20,7,6,263,167,53,47,7.35,1748,2,True
2232225,2022-11-04-05-45,Paris - Masters,atp,round of 16,indoors,2,0,1.27,1.71,6,0,2.27,6,Pablo Carreno-Busta,Spain,188,78,31,14,10,37,23,5,3,595,322,41,37,1.05,1891,Tommy Paul,USA,185,82,25,31,28,38,26,5,3,343,211,45,28,3.38,1851,2,False
2227613,2022-11-04-07-00,Masters Cup WTA,wta,-,indoors,1,1,-1,1.29,9,1,3.97,6,Iga Swiatek,Poland,176,65,21,1,1,65,8,4,1,225,56,19,5,9.03,2178,Caroline Garcia,France,177,61,29,6,4,42,19,4,2,422,317,59,52,33.1,1899,2,True
2227615,2022-11-04-09-00,Masters Cup WTA,wta,-,indoors,2,0,1.17,1.78,6,2,2.17,5,Cori Gauff,USA,176,59,18,4,4,38,20,0,1,124,63,10,5,-5.48,1990,Darya Kasatkina,Russia,170,62,25,8,8,40,21,1,2,305,168,43,22,6.13,1916,2,True
