match_id,time_stamp,title,tour,round,surface,winner,predict,prediction_roi,player1_name,player1_country,player1_height,player1_weight,player1_age,player1_current_rank,player1_highest_rank,player1_year_total_win,player1_year_total_lose,player1_year_surface_win,player1_year_surface_lose,player1_career_total_win,player1_career_total_lose,player1_career_surface_win,player1_career_surface_lose,player1_roi,player1_H2H,player1_elo,player1_odds,player1_latest_win,player2_name,player2_country,player2_height,player2_weight,player2_age,player2_current_rank,player2_highest_rank,player2_year_total_win,player2_year_total_lose,player2_year_surface_win,player2_year_surface_lose,player2_career_total_win,player2_career_total_lose,player2_career_surface_win,player2_career_surface_lose,player2_roi,player2_H2H,player2_elo,player2_odds,player2_latest_win,strong_predict
2202839,2022-09-28-21-25,Parma,wta,round of 16,clay,1,1,0.42,Ana Bogdan,Romania,171,59,29,53,53,32,14,18,7,391,241,168,97,3.91,0,1758,1.42,8,Anna Schmiedlova Karolina,Slovakia,-,-,28,118,26,23,23,17,14,377,258,200,104,-6.21,3,1616,3.09,7
2200770,2022-09-28-21-40,Sofia,atp,1. round,indoors,1,1,1.33,Fernando Verdasco,Spain,188,90,38,116,7,30,27,0,0,728,532,94,85,-3.99,2,-,2.33,5,Nikoloz Basilashvili,Georgia,185,79,30,37,16,14,28,1,3,456,382,64,64,-12.31,1,-,1.67,2
2204111,2022-09-28-22-10,Parma,wta,round of 16,clay,1,1,2.15,Lauren Davis,USA,157,55,28,99,26,24,22,10,8,347,253,85,54,0.39,1,1645,3.15,5,Sara Sorribes Tormo,Spain,176,69,25,67,32,24,17,11,5,372,235,227,108,-2.94,1,1790,1.4,5
2203865,2022-09-28-22-35,Parma,wta,round of 16,clay,1,1,0.23,Maria Sakkari,Greece,172,62,27,7,3,30,18,5,4,409,269,159,97,-6.46,3,1893,1.23,5,Arantxa Rus,Netherlands,180,65,31,114,61,36,27,28,13,628,384,371,173,-14.44,0,1606,4.68,6
2203303,2022-09-29-01-10,Sofia,atp,round of 16,indoors,2,2,0.96,Grigor Dimitrov,Bulgaria,191,81,31,23,3,21,18,0,0,539,330,92,59,-2.84,1,-,1.94,3,Ilya Ivashka,Belarus,193,84,28,71,40,21,19,4,3,354,224,97,60,-1.52,1,-,1.96,6
2200892,2022-09-29-01-15,Tallinn,wta,1. round,indoors,1,1,0.65,Kaia Kanepi,Estonia,181,74,37,32,15,26,15,0,0,565,325,89,35,4.72,1,-,1.65,6,Jelena Ostapenko,Latvia,177,68,25,17,5,30,16,3,1,326,198,82,35,3.41,1,-,2.34,6
2203927,2022-09-29-01-30,Parma,wta,round of 16,clay,1,2,-1,Jasmine Paolini,Italy,160,60,26,79,44,20,22,9,9,317,227,192,107,-5.45,1,1715,1.79,4,Elisabetta Cocciaretto,Italy,-,-,21,98,93,36,18,31,13,133,69,105,50,1.32,1,1668,2.13,6
2203287,2022-09-29-02-10,Tel Aviv,atp,round of 16,indoors,2,2,0.59,Dominic Thiem,Austria,185,79,29,173,3,16,15,6,2,485,248,71,48,-3.71,4,-,2.53,6,Marin Cilic,Croatia,198,89,34,16,3,28,16,0,0,692,372,136,71,2.0,0,-,1.59,7
2202989,2022-09-29-03-20,Sofia,atp,round of 16,indoors,2,2,0.27,Alexandar Lazarov,Bulgaria,191,84,24,334,332,39,15,3,2,236,131,9,13,6.28,0,-,4.22,8,Lorenzo Musetti,Italy,185,75,20,30,30,32,22,2,2,149,101,31,24,6.73,0,-,1.27,5
2202851,2022-09-29-03-30,Tallinn,wta,round of 16,indoors,1,2,-1,Barbora Krejcikova,Czech Republic,178,62,26,27,2,17,14,1,0,383,203,29,29,-5.57,0,-,1.89,4,Marta Kostyuk,Ukraine,171,60,20,56,49,24,16,1,0,158,85,11,9,-3.22,2,-,1.99,6
2202754,2022-09-29-13-00,Seoul,atp,round of 16,hard,2,2,0.1,Kaichi Uchida,Japan,180,74,28,163,160,28,26,17,16,331,306,189,181,2.14,0,1422,8.84,4,Cameron Norrie,Great Britain,188,82,27,8,8,45,23,25,11,322,183,205,88,-0.37,0,1951,1.1,5
2203889,2022-09-29-14-25,Seoul,atp,round of 16,hard,1,1,0.59,Jenson Brooksby,USA,188,82,21,46,33,26,19,15,9,151,77,96,51,-4.13,0,1848,1.59,5,Woo Kwon Soon,South Korea,180,72,24,121,52,20,27,10,13,261,173,181,117,-10.03,0,-,2.53,4
2204411,2022-09-29-17-45,Seoul,atp,round of 16,hard,2,2,0.69,Taro Daniel,Japan,191,80,29,92,64,40,25,25,14,547,352,161,120,1.94,0,1664,2.3,4,Yoshihito Nishioka,Japan,170,64,27,56,48,35,21,21,12,399,228,216,121,10.61,0,1779,1.69,6
2204607,2022-09-29-18-05,Parma,wta,quarterfinal,clay,1,2,-1,Mayar Sherif,Egypt,-,-,26,74,44,22,17,18,5,218,103,137,46,-4.41,0,1720,1.75,5,Lauren Davis,USA,157,55,28,99,26,25,22,11,8,348,253,86,54,2.53,1,1645,2.21,6
2203867,2022-09-29-18-10,Tallinn,wta,round of 16,indoors,1,1,1.26,Ysaline Bonaventure,Belgium,178,70,28,138,109,42,24,8,4,382,256,86,44,1.2,2,-,2.26,6,Belen Teichmann Jil,Switzerland,170,80,25,36,21,22,19,1,1,260,185,19,25,-1.31,1,-,1.7,4
2204515,2022-09-29-19-10,Sofia,atp,round of 16,indoors,1,1,1.24,Jan-Lennard Struff,Germany,193,92,32,132,29,23,18,3,0,577,411,162,111,-6.3,0,-,2.24,8,Ugo Humbert,France,188,73,24,110,25,27,25,8,3,252,166,95,56,-6.75,0,-,1.74,8
2203885,2022-09-29-19-10,Sofia,atp,round of 16,indoors,2,1,-1,Oscar Otte,Germany,193,79,29,55,36,24,24,1,2,452,258,140,83,-5.97,1,-,1.66,3,Kamil Majchrzak,Poland,180,78,26,119,75,19,20,1,1,355,208,36,30,-10.28,0,-,2.37,4
2204477,2022-09-29-19-10,Tel Aviv,atp,round of 16,indoors,1,1,2.1,Constant Lestienne,France,180,77,30,68,68,46,22,13,6,431,295,173,109,12.77,0,-,3.1,7,Emil Ruusuvuori,Finland,188,79,23,54,42,37,28,2,1,232,129,74,28,-7.55,0,-,1.43,5
2203825,2022-09-29-19-10,Tel Aviv,atp,round of 16,indoors,2,1,-1,Van De Zandschulp,Netherlands,188,83,26,35,22,37,23,2,1,318,162,101,35,8.65,2,-,1.22,8,Liam Broady,Great Britain,183,78,28,174,116,33,23,7,3,473,332,132,80,-2.0,1,-,4.96,7
2204451,2022-09-29-19-50,Tallinn,wta,round of 16,indoors,2,1,-1,Shuai Zhang,China,177,66,33,26,23,35,24,9,2,563,395,39,21,9.94,4,-,1.44,7,Donna Vekic,Croatia,179,64,26,85,19,20,17,1,0,326,245,41,37,-6.56,1,-,2.97,4
2203795,2022-09-29-20-00,Seoul,atp,round of 16,hard,1,1,0.19,Casper Ruud,Norway,183,77,23,2,2,47,17,17,6,319,178,71,46,1.68,0,2013,1.19,8,Nicolas Jarry,Chile,198,90,26,111,38,36,18,6,2,339,223,52,52,-2.07,0,1620,5.39,7
2204715,2022-09-29-20-00,Parma,wta,quarterfinal,clay,1,1,1.6,Danka Kovinic,Montenegro,169,67,27,78,46,21,18,15,8,377,279,246,126,5.87,3,1655,2.6,4,Jasmine Paolini,Italy,160,60,26,79,44,21,22,10,9,318,227,193,107,-4.66,1,1715,1.56,5
2204471,2022-09-29-20-30,Sofia,atp,round of 16,indoors,2,2,1.24,Lorenzo Sonego,Italy,191,76,27,45,21,26,24,6,0,343,223,59,37,-7.46,0,-,1.73,7,Holger Rune,Denmark,185,68,19,31,26,32,25,3,2,150,81,25,11,-1.66,1,-,2.24,5
