match_id,time_stamp,title,tour,round,surface,winner,predict,prediction_roi,player1_name,player1_country,player1_height,player1_weight,player1_age,player1_current_rank,player1_highest_rank,player1_year_total_win,player1_year_total_lose,player1_year_surface_win,player1_year_surface_lose,player1_career_total_win,player1_career_total_lose,player1_career_surface_win,player1_career_surface_lose,player1_roi,player1_H2H,player1_elo,player1_odds,player1_latest_win,player2_name,player2_country,player2_height,player2_weight,player2_age,player2_current_rank,player2_highest_rank,player2_year_total_win,player2_year_total_lose,player2_year_surface_win,player2_year_surface_lose,player2_career_total_win,player2_career_total_lose,player2_career_surface_win,player2_career_surface_lose,player2_roi,player2_H2H,player2_elo,player2_odds,player2_latest_win,strong_predict
2030302,2022-02-04-20-40,Pune,atp,quarterfinal,hard,1,1,1.41,Joao Sousa,Portugal,185,74,32,137,28,6,4,4,3,560,464,142,134,0.71,0,1597,2.41,6,Daniel Altmaier,Germany,191,88,23,85,84,3,4,3,4,322,175,106,44,-1.46,0,1668,1.64,6
2030562,2022-02-04-22-10,Pune,atp,quarterfinal,hard,1,1,0.82,Elias Ymer,Sweden,183,79,25,163,105,6,1,6,1,306,231,57,59,4.86,1,1579,1.82,8,Stefano Travaglia,Italy,185,80,30,93,60,3,4,3,4,547,299,51,41,-1.97,0,1650,2.11,5
2030468,2022-02-05-00-30,Montpellier,atp,quarterfinal,indoors,1,2,-1,Alexander Bublik,Kazakhstan,198,77,24,35,34,3,2,2,0,279,190,83,51,1.5,1,-,2.91,5,Roberto Bautista-Agut,Spain,183,75,33,19,9,7,2,1,0,713,424,110,77,2.05,1,-,1.47,7
2030668,2022-02-05-02-40,Cordoba,atp,quarterfinal,clay,1,2,-1,Albert Ramos-Vinolas,Spain,188,76,34,44,17,2,1,2,0,688,517,558,336,0.87,1,-,2.44,4,Lorenzo Sonego,Italy,191,76,26,23,21,5,2,1,0,322,201,203,109,1.12,0,1823,1.63,7
2030490,2022-02-05-05-30,Cordoba,atp,quarterfinal,clay,1,2,-1,Ignacio Londero Juan,Argentina,180,70,28,139,50,2,0,2,0,401,317,355,257,3.69,1,-,1.49,7,Nikola Milojevic,Serbia,188,76,26,136,129,5,3,2,1,331,195,124,80,4.26,0,1531,2.82,5
2030638,2022-02-05-06-15,Montpellier,atp,quarterfinal,indoors,1,2,-1,Alexander Zverev,Germany,198,90,24,3,3,6,2,1,0,412,213,77,38,-0.37,6,-,1.22,8,Adrian Mannarino,France,180,79,33,58,22,5,3,2,0,618,476,218,150,9.86,0,-,4.96,6
2030640,2022-02-05-03-40,Montpellier,atp,quarterfinal,indoors,1,2,-1,Mikael Ymer,Sweden,183,75,23,83,67,4,2,2,0,227,126,70,36,5.36,1,-,1.68,5,Richard Gasquet,France,183,79,35,75,7,3,1,2,0,724,399,151,87,7.31,0,-,2.32,5
2030684,2022-02-05-10-05,Cordoba,atp,quarterfinal,clay,2,2,1.77,Sebastian Baez,Argentina,170,70,21,77,77,7,4,2,0,167,67,139,53,1.35,1,1811,1.51,6,Alejandro Tabilo,Chile,188,75,24,144,135,8,3,4,0,283,182,172,105,1.53,0,1631,2.77,8
2030746,2022-02-05-19-00,Pune,atp,semifinal,hard,1,2,-1,Emil Ruusuvuori,Finland,188,79,22,87,66,6,2,6,2,201,103,88,34,1.6,1,1784,1.37,6,Kamil Majchrzak,Poland,180,78,26,95,83,7,1,7,1,343,189,60,35,3.06,0,1723,3.41,8
