match_id,time_stamp,title,tour,round,surface,winner,predict,prediction_roi,player1_name,player1_country,player1_height,player1_weight,player1_age,player1_current_rank,player1_highest_rank,player1_year_total_win,player1_year_total_lose,player1_year_surface_win,player1_year_surface_lose,player1_career_total_win,player1_career_total_lose,player1_career_surface_win,player1_career_surface_lose,player1_roi,player1_H2H,player1_elo,player1_odds,player1_latest_win,player2_name,player2_country,player2_height,player2_weight,player2_age,player2_current_rank,player2_highest_rank,player2_year_total_win,player2_year_total_lose,player2_year_surface_win,player2_year_surface_lose,player2_career_total_win,player2_career_total_lose,player2_career_surface_win,player2_career_surface_lose,player2_roi,player2_H2H,player2_elo,player2_odds,player2_latest_win,strong_predict
2125091,2022-06-22-21-05,Mallorca,atp,round of 16,grass,1,2,-1,Tallon Griekspoor,Netherlands,188,85,25,53,53,15,13,5,2,324,179,9,5,-2.11,2,1743,1.67,6,Alex Molcan,Slovakia,178,73,24,50,38,19,14,1,1,230,133,3,2,3.56,0,1744,2.35,6
2125647,2022-06-22-21-10,Mallorca,atp,round of 16,grass,1,1,1.2,Marcos Giron,USA,180,77,28,67,49,10,19,1,2,364,226,11,8,-1.64,1,1674,2.2,4,Mackenzie McDonald,USA,178,73,27,52,49,15,17,2,2,268,192,21,14,-5.76,1,-,1.75,5
2125691,2022-06-22-21-55,Eastbourne,atp,round of 16,grass,2,2,0.34,Thiago Monteiro,Brazil,183,78,28,94,74,25,19,3,0,424,310,7,6,1.45,0,1621,3.56,6,Harry Fritz Taylor,USA,193,86,24,14,13,21,10,0,2,292,199,23,23,6.76,0,-,1.34,5
2125569,2022-06-22-21-55,Bad Homburg WTA,wta,round of 16,grass,2,2,0.35,Ann Li,USA,160,50,21,67,44,9,10,2,2,147,92,5,9,0.26,0,1672,3.51,5,Amanda Anisimova,USA,180,59,20,25,21,24,9,1,0,138,75,6,5,6.71,0,1839,1.35,7
2126011,2022-06-22-21-55,Eastbourne,wta,round of 16,grass,2,1,-1,Katie Boulter,Great Britain,182,68,25,127,82,18,7,7,2,250,156,31,24,9.73,0,1722,2.72,7,Petra Kvitova,Czech Republic,183,70,32,31,2,11,13,1,1,618,276,62,22,-4.46,0,1881,1.52,4
2125777,2022-06-22-22-20,Eastbourne,atp,round of 16,grass,2,2,1.53,Daniel Evans,Great Britain,175,75,32,33,22,18,14,6,1,560,345,101,60,-1.55,2,1804,1.59,7,Maxime Cressy,USA,201,88,25,60,59,19,17,3,2,186,121,7,7,0.3,1,1592,2.53,5
2125661,2022-06-22-22-20,Bad Homburg WTA,wta,round of 16,grass,2,2,0.27,Katie Swan,Great Britain,170,55,23,223,163,13,9,2,1,165,106,13,20,0.17,0,1423,4.22,4,Vanessa Andreescu Bianca,Canada,170,60,22,64,4,9,5,2,1,168,69,15,9,1.05,1,-,1.27,6
2125207,2022-06-22-22-20,Eastbourne,wta,2. round,grass,2,2,1.13,Belen Teichmann Jil,Switzerland,170,80,24,23,22,18,13,0,1,256,179,1,5,2.02,0,-,1.79,6,Harriet Dart,Great Britain,172,58,25,103,99,17,16,4,3,278,203,28,37,8.31,0,1578,2.13,4
2124441,2022-06-22-22-45,Mallorca,atp,round of 16,grass,1,2,-1,Benjamin Bonzi,France,185,76,26,56,52,25,13,3,1,373,212,13,4,0.07,0,1782,2.38,6,Denis Shapovalov,Canada,185,75,23,16,10,16,13,0,2,254,160,20,16,3.19,0,1795,1.65,4
2124345,2022-06-22-22-45,Mallorca,atp,round of 16,grass,2,2,0.61,Ilya Ivashka,Belarus,193,84,28,40,40,12,13,4,2,345,218,19,14,-2.65,0,1787,2.48,6,Stefanos Tsitsipas,Greece,193,89,23,6,3,36,13,2,2,413,196,16,17,-2.43,2,1942,1.61,6
2125795,2022-06-22-23-20,Mallorca,atp,round of 16,grass,2,1,-1,Sebastian Baez,Argentina,170,70,21,36,34,29,16,1,0,189,79,1,1,1.62,1,1767,1.62,7,Daniel Altmaier,Germany,191,88,23,64,53,18,18,1,2,337,189,5,8,-5.31,0,1617,2.46,6
2125803,2022-06-23-02-45,Mallorca,atp,round of 16,grass,2,1,-1,Nick Kyrgios,Australia,193,85,27,45,13,16,6,7,2,273,151,41,19,3.05,1,1814,1.74,7,Roberto Bautista-Agut,Spain,183,75,34,20,9,20,8,3,1,726,430,46,24,1.75,2,-,2.2,6
2126407,2022-06-23-00-20,Eastbourne,wta,round of 16,grass,1,1,1.46,Harriet Dart,Great Britain,172,58,25,103,99,18,16,5,3,279,203,29,37,9.35,0,1578,2.46,5,Marta Kostyuk,Ukraine,171,60,19,79,49,15,11,2,0,149,80,10,8,-2.03,1,1708,1.61,5
2125737,2022-06-23-00-30,Eastbourne,atp,round of 16,grass,1,2,-1,Tommy Paul,USA,185,82,25,35,33,19,15,3,2,324,200,9,7,0.15,0,1730,2.28,4,Jannik Sinner,Italy,188,76,20,13,9,27,7,0,0,197,98,3,6,1.06,1,1881,1.7,7
2125621,2022-06-23-00-35,Bad Homburg WTA,wta,round of 16,grass,2,2,0.12,Lucia Bronzetti,Italy,-,-,23,72,71,25,14,2,1,250,163,2,1,4.71,0,1593,7.62,5,Angelique Kerber,Germany,173,68,34,18,1,10,9,1,0,698,370,84,30,-1.87,0,1899,1.12,8
2126101,2022-06-23-00-35,Eastbourne,wta,round of 16,grass,2,2,0.26,Anna Burrage Jodie,Great Britain,-,-,23,169,169,26,17,10,3,205,128,12,16,6.03,0,-,4.33,7,Beatriz Haddad Maia,Brazil,185,78,26,29,29,37,12,11,0,397,189,24,10,16.0,1,1777,1.26,10
2123583,2022-06-23-01-10,Mallorca,atp,round of 16,grass,1,1,0.17,Daniil Medvedev,Russia,198,83,26,1,1,26,9,7,2,413,174,42,18,-3.64,0,1929,1.17,7,Aslan Karatsev,Russia,185,85,28,43,14,10,15,1,2,409,263,3,8,-7.32,3,1638,5.91,2
2124851,2022-06-23-01-40,Eastbourne,atp,round of 16,grass,1,1,0.53,Alexander Bublik,Kazakhstan,198,77,25,39,30,16,15,3,2,292,203,24,19,3.52,0,1746,1.53,4,John Millman,Australia,183,79,33,86,33,13,17,4,2,457,314,35,30,-3.62,0,1632,2.71,5
2125759,2022-06-23-01-50,Eastbourne,wta,round of 16,grass,1,1,1.04,Jelena Ostapenko,Latvia,177,68,25,14,5,18,10,2,1,314,192,34,17,4.09,0,1897,2.04,4,Madison Keys,USA,178,66,27,24,7,19,10,1,0,327,183,37,15,2.8,2,1837,1.87,5
2125137,2022-06-23-02-00,Eastbourne,atp,round of 16,grass,2,2,0.46,Diego Schwartzman,Argentina,170,64,29,15,8,24,13,0,1,600,343,9,13,-1.57,0,1837,2.93,5,Jack Draper,Great Britain,191,80,20,108,99,28,7,3,2,146,60,6,9,10.7,0,1658,1.46,6
2125775,2022-06-23-02-00,Bad Homburg WTA,wta,round of 16,grass,1,1,0.11,Simona Halep,Romania,168,60,30,19,1,24,8,4,1,577,237,41,17,-1.68,0,1938,1.11,6,Tamara Zidansek,Slovenia,167,80,24,58,22,11,11,2,2,277,133,6,7,-3.52,0,1649,7.97,5
2126009,2022-06-23-02-45,Eastbourne,wta,round of 16,grass,2,2,0.88,Yulia Putintseva,Kazakhstan,163,59,27,33,27,17,10,1,0,362,271,12,18,0.22,2,1769,2.02,7,Anhelina Kalinina,Ukraine,179,70,25,36,35,16,11,3,2,309,157,8,9,7.09,0,1719,1.88,5
2125797,2022-06-23-02-55,Eastbourne,atp,round of 16,grass,1,2,-1,Pedro Martinez,Spain,185,76,25,49,40,14,14,1,1,382,214,4,4,-0.37,0,1667,3.08,2,Ryan Peniston,Great Britain,183,75,26,147,147,25,15,7,3,266,163,26,19,9.88,0,1556,1.43,7
2126457,2022-06-23-20-00,Eastbourne,atp,quarterfinal,grass,2,2,1.79,Cameron Norrie,Great Britain,188,82,26,12,10,27,14,1,1,304,174,15,20,0.32,0,1877,1.5,7,Maxime Cressy,USA,201,88,25,60,59,20,17,4,2,187,121,8,7,1.67,0,1592,2.79,5
2126359,2022-06-23-20-00,Bad Homburg WTA,wta,quarterfinal,grass,1,1,0.62,Caroline Garcia,France,177,61,28,75,4,11,11,4,2,391,309,36,23,13.81,2,1722,1.62,5,Sabine Lisicki,Germany,178,70,32,804,12,8,4,5,2,358,273,53,26,1.69,1,-,2.46,7
2126389,2022-06-23-20-00,Eastbourne,wta,quarterfinal,grass,1,2,-1,Camila Giorgi,Italy,168,54,30,26,26,12,10,5,2,404,295,55,29,-0.01,0,1799,1.22,7,Viktoriya Tomova,Bulgaria,170,58,27,128,103,26,19,3,1,432,293,13,11,0.11,0,1513,4.92,7
2126497,2022-06-23-21-00,Mallorca,atp,quarterfinal,grass,2,2,0.34,Daniel Altmaier,Germany,191,88,23,64,53,19,18,2,2,338,189,6,8,-3.98,0,1617,3.57,6,Benjamin Bonzi,France,185,76,26,56,52,26,13,4,1,374,212,14,4,1.37,1,1782,1.34,6
