match_id,time_stamp,title,tour,round,surface,winner,predict,prediction_roi,player1_name,player1_country,player1_height,player1_weight,player1_age,player1_current_rank,player1_highest_rank,player1_year_total_win,player1_year_total_lose,player1_year_surface_win,player1_year_surface_lose,player1_career_total_win,player1_career_total_lose,player1_career_surface_win,player1_career_surface_lose,player1_roi,player1_H2H,player1_elo,player1_odds,player1_latest_win,player2_name,player2_country,player2_height,player2_weight,player2_age,player2_current_rank,player2_highest_rank,player2_year_total_win,player2_year_total_lose,player2_year_surface_win,player2_year_surface_lose,player2_career_total_win,player2_career_total_lose,player2_career_surface_win,player2_career_surface_lose,player2_roi,player2_H2H,player2_elo,player2_odds,player2_latest_win,strong_predict
2076641,2022-04-21-20-40,Stuttgart,wta,round of 16,clay,2,2,0.57,Elena Rybakina,Kazakhstan,184,73,22,19,12,14,6,1,1,217,104,56,28,-1.95,1,1876,2.58,7,Paula Badosa,Spain,180,72,24,3,3,18,7,2,1,304,161,144,76,0.1,2,1997,1.57,7
2076319,2022-04-21-21-00,Belgrade,atp,round of 16,clay,2,1,-1,Jiri Lehecka,Czech Republic,183,80,20,93,91,17,11,7,4,142,75,87,43,5.76,0,1640,4.24,6,Andrey Rublev,Russia,188,70,24,8,5,19,5,1,1,359,198,89,55,2.83,0,1964,1.27,7
2076999,2022-04-21-21-40,Istanbul WTA,wta,round of 16,clay,2,1,-1,Rebecca Peterson,Sweden,173,65,26,76,43,10,5,2,1,310,184,106,70,3.89,2,1714,2.41,6,Yulia Putintseva,Kazakhstan,163,59,27,51,27,8,6,2,1,353,267,127,70,-0.99,3,1793,1.64,6
2076729,2022-04-21-21-50,Belgrade,atp,round of 16,clay,2,2,2.56,Holger Rune,Denmark,185,68,18,72,72,15,10,9,4,133,66,89,38,-2.74,1,1747,1.34,9,Taro Daniel,Japan,191,80,29,104,64,21,8,4,1,528,335,329,183,6.48,0,1676,3.56,7
2076747,2022-04-21-22-20,Stuttgart,wta,round of 16,clay,1,2,-1,Ons Jabeur,Tunis,167,66,27,10,7,13,6,5,1,379,211,119,54,1.08,2,1949,1.37,7,Darya Kasatkina,Russia,170,62,24,26,10,12,7,1,0,277,154,98,39,1.99,2,-,3.39,5
2076735,2022-04-21-23-00,Stuttgart,wta,round of 16,clay,2,1,-1,Vanessa Andreescu Bianca,Canada,170,60,21,121,4,1,0,1,0,160,64,15,6,1.85,0,-,2.86,5,Aryna Sabalenka,Belarus,182,80,23,4,2,7,8,1,1,286,147,45,35,-3.59,1,1908,1.48,4
2077001,2022-04-21-23-50,Stuttgart,wta,round of 16,clay,1,2,-1,Ludmilla Samsonova,Russia,180,67,23,31,30,7,7,1,0,253,151,116,75,-3.31,0,-,1.96,5,Karolina Pliskova,Czech Republic,186,72,30,7,1,2,3,2,1,617,335,159,108,-0.45,1,1933,1.94,5
2077061,2022-04-22-00-00,Istanbul WTA,wta,round of 16,clay,2,1,-1,Petra Martic,Croatia,181,63,31,60,14,10,7,1,0,398,282,160,89,5.2,1,1766,1.64,7,Anastasia Potapova,Russia,175,57,21,122,64,9,8,3,0,134,96,41,23,-2.96,0,1652,2.41,5
2077199,2022-04-22-00-10,Belgrade,atp,quarterfinal,clay,1,2,-1,Novak Djokovic,Serbia,187,80,34,1,1,3,2,1,1,1133,241,306,68,-0.71,1,2134,1.59,7,Miomir Kecmanovic,Serbia,183,75,22,38,38,21,7,9,3,229,146,103,55,12.75,0,1822,2.52,8
2076651,2022-04-22-01-30,Istanbul WTA,wta,round of 16,clay,2,2,0.33,Ana Bogdan,Romania,171,59,29,90,59,11,4,4,1,370,231,154,91,1.01,3,1662,3.69,6,Veronika Kudermetova,Russia,175,63,24,29,22,14,7,1,0,285,191,73,52,12.15,1,1881,1.33,6
2077249,2022-04-22-01-35,Stuttgart,wta,round of 16,clay,2,1,-1,Maria Sakkari,Greece,172,62,26,5,3,16,6,0,0,395,257,154,93,1.38,0,1977,1.17,7,Laura Siegemund,Germany,168,62,34,231,27,4,4,1,0,582,365,416,215,-0.04,0,1746,5.9,4
2077247,2022-04-22-02-50,Belgrade,atp,quarterfinal,clay,1,2,-1,Karen Khachanov,Russia,198,87,25,26,8,11,9,0,1,334,232,77,58,-2.65,1,1849,1.7,5,Thiago Monteiro,Brazil,183,78,27,110,74,18,13,13,7,417,304,335,223,2.99,0,1675,2.29,7
2077155,2022-04-22-03-15,Stuttgart,wta,round of 16,clay,2,1,-1,Tamara Korpatsch,Germany,170,56,26,118,107,15,5,11,2,321,210,241,118,11.22,0,1540,2.7,8,Emma Raducanu,Great Britain,-,-,19,12,12,4,6,1,0,97,35,1,0,-1.16,0,1660,1.53,4
2076517,2022-04-22-03-40,Barcelona,atp,2. round,clay,1,1,0.11,Stefanos Tsitsipas,Greece,193,89,23,5,3,22,7,5,0,399,190,142,45,0.25,1,2019,1.11,8,Ilya Ivashka,Belarus,193,84,28,44,41,4,5,1,1,337,210,40,32,-0.2,0,1824,8.2,4
2077203,2022-04-22-05-15,Stuttgart,wta,round of 16,clay,1,1,0.48,Anett Kontaveit,Estonia,174,65,26,6,5,15,5,1,0,396,190,92,44,0.93,2,1984,1.48,7,Ekaterina Alexandrova,Russia,180,66,27,39,25,9,7,5,1,390,227,160,96,-0.96,0,1790,2.86,7
2076703,2022-04-22-20-00,Barcelona,atp,round of 16,clay,1,2,-1,Diego Schwartzman,Argentina,170,64,29,15,8,17,8,12,4,593,338,458,218,-0.32,1,1907,1.5,6,Lorenzo Musetti,Italy,185,75,20,66,56,12,10,6,2,129,89,78,44,3.52,1,1720,2.8,6
2077063,2022-04-22-20-00,Barcelona,atp,round of 16,clay,2,2,0.5,Frances Tiafoe,USA,188,86,24,29,28,7,6,3,1,280,200,96,51,-0.59,0,1815,2.81,6,Felix Auger Aliassime,Canada,193,88,21,9,9,17,8,2,2,242,144,96,49,4.81,1,1889,1.5,5
2076963,2022-04-22-20-00,Barcelona,atp,round of 16,clay,2,2,0.21,Emil Ruusuvuori,Finland,188,79,23,73,66,17,9,5,1,212,110,38,35,-0.04,0,1697,5.03,7,Casper Ruud,Norway,183,77,23,7,7,15,5,6,1,287,166,174,87,1.48,1,2020,1.21,7
