match_id,time_stamp,title,tour,round,surface,winner,player1_H2H,prediction_roi,player1_odds,player1_latest_win,player2_H2H,player2_odds,player2_latest_win,player1_name,player1_country,player1_height,player1_weight,player1_age,player1_current_rank,player1_highest_rank,player1_year_total_win,player1_year_total_lose,player1_year_surface_win,player1_year_surface_lose,player1_career_total_win,player1_career_total_lose,player1_career_surface_win,player1_career_surface_lose,player1_roi,player1_elo,player2_name,player2_country,player2_height,player2_weight,player2_age,player2_current_rank,player2_highest_rank,player2_year_total_win,player2_year_total_lose,player2_year_surface_win,player2_year_surface_lose,player2_career_total_win,player2_career_total_lose,player2_career_surface_win,player2_career_surface_lose,player2_roi,player2_elo,predict,strong_predict
2226811,2022-10-28-22-10,Vienna,atp,quarterfinal,indoors,1,1,-1,1.44,4,1,3.05,6,Grigor Dimitrov,Bulgaria,191,81,31,32,3,23,20,2,2,541,332,94,61,-1.32,1840,Marcos Giron,USA,180,77,29,58,49,23,29,6,3,377,236,56,39,-0.49,1768,2,False
2226879,2022-10-28-23-00,Basel,atp,quarterfinal,indoors,1,1,0.29,1.29,10,1,4.05,7,Felix Auger Aliassime,Canada,193,88,22,9,8,51,25,19,3,276,161,56,29,5.22,1949,Alexander Bublik,Kazakhstan,198,77,25,38,30,33,25,14,4,309,213,95,55,4.21,1814,1,False
2226899,2022-10-29-00-25,Vienna,atp,quarterfinal,indoors,1,3,-1,1.4,7,0,3.25,7,Daniil Medvedev,Russia,198,83,26,4,1,42,15,5,2,429,180,130,56,-6.97,2016,Jannik Sinner,Italy,188,76,21,12,9,47,14,4,1,217,105,63,22,1.36,2025,2,True
2226487,2022-10-29-00-40,Basel,atp,quarterfinal,indoors,1,1,0.29,1.29,8,0,3.96,6,Carlos Alcaraz,Spain,185,72,19,1,1,54,13,2,1,170,51,12,4,2.49,2082,Pablo Carreno-Busta,Spain,188,78,31,15,10,35,22,3,2,593,321,39,36,0.84,1897,1,False
2226941,2022-10-29-02-15,Vienna,atp,quarterfinal,indoors,2,1,1.33,1.68,7,1,2.33,7,Hubert Hurkacz,Poland,196,81,25,11,9,40,19,8,4,315,192,55,48,7.27,1931,Borna Coric,Croatia,188,85,25,27,12,24,15,2,0,296,205,50,38,9.35,1892,2,True
2226923,2022-10-29-03-10,Basel,atp,quarterfinal,indoors,1,1,-1,1.7,7,1,2.3,7,Roberto Bautista-Agut,Spain,183,75,34,22,9,38,17,5,3,744,439,114,80,2.64,-,Stan Wawrinka,Switzerland,182,79,37,194,3,10,14,7,3,683,391,100,81,4.23,1756,2,False
2226945,2022-10-29-04-55,Basel,atp,quarterfinal,indoors,1,1,0.33,1.33,9,1,3.68,8,Holger Rune,Denmark,185,68,19,25,25,42,26,13,3,160,82,35,12,8.91,1769,Arthur Rinderknech,France,196,86,27,51,48,38,22,11,3,253,148,77,43,7.98,1794,1,True
2226449,2022-10-29-04-55,Vienna,atp,quarterfinal,indoors,2,3,0.8,2.13,6,1,1.8,7,Daniel Evans,Great Britain,175,75,32,26,22,34,25,4,1,576,356,164,88,0.55,1805,Denis Shapovalov,Canada,185,75,23,19,10,30,22,3,2,268,169,50,35,2.05,1843,2,False
