match_id,time_stamp,title,tour,round,surface,winner,predict,prediction_roi,player1_name,player1_country,player1_height,player1_weight,player1_age,player1_current_rank,player1_highest_rank,player1_year_total_win,player1_year_total_lose,player1_year_surface_win,player1_year_surface_lose,player1_career_total_win,player1_career_total_lose,player1_career_surface_win,player1_career_surface_lose,player1_roi,player1_H2H,player1_elo,player1_odds,player1_latest_win,player2_name,player2_country,player2_height,player2_weight,player2_age,player2_current_rank,player2_highest_rank,player2_year_total_win,player2_year_total_lose,player2_year_surface_win,player2_year_surface_lose,player2_career_total_win,player2_career_total_lose,player2_career_surface_win,player2_career_surface_lose,player2_roi,player2_H2H,player2_elo,player2_odds,player2_latest_win,strong_predict
2077551,2022-04-23-22-10,Belgrade,atp,semifinal,clay,1,1,0.25,Novak Djokovic,Serbia,187,80,34,1,1,4,2,2,1,1134,241,307,68,-0.16,7,2134,1.25,8,Karen Khachanov,Russia,198,87,25,26,8,12,9,1,1,335,232,78,58,-2.0,1,1849,4.46,5
2077683,2022-04-23-22-10,Istanbul WTA,wta,semifinal,clay,2,2,1.2,Yulia Putintseva,Kazakhstan,163,59,27,51,27,10,6,4,1,355,267,129,70,0.1,1,1793,1.75,7,Anastasia Potapova,Russia,175,57,21,122,64,11,8,5,0,136,96,43,23,0.32,0,1652,2.2,6
2077693,2022-04-23-22-10,Stuttgart,wta,semifinal,clay,1,2,-1,Aryna Sabalenka,Belarus,182,80,23,4,2,9,8,3,1,288,147,47,35,-2.33,0,1908,2.13,5,Paula Badosa,Spain,180,72,24,3,3,20,7,4,1,306,161,146,76,1.46,2,1997,1.8,7
2077785,2022-04-24-00-15,Stuttgart,wta,semifinal,clay,1,1,0.09,Iga Swiatek,Poland,176,65,20,1,1,30,3,2,0,190,51,86,14,7.88,0,2132,1.09,10,Ludmilla Samsonova,Russia,180,67,23,31,30,9,7,3,0,255,151,118,75,-1.94,0,-,9.51,6
2077787,2022-04-24-00-30,Istanbul WTA,wta,semifinal,clay,1,1,0.73,Veronika Kudermetova,Russia,175,63,24,29,22,15,7,2,0,286,191,74,52,12.77,0,1881,1.73,8,Sorana-Mihaela Cirstea,Romania,176,59,32,24,21,14,8,3,0,502,374,186,112,1.75,2,-,2.24,7
2077679,2022-04-24-00-35,Belgrade,atp,semifinal,clay,2,2,0.33,Fabio Fognini,Italy,178,79,34,62,9,11,6,8,3,622,467,401,238,2.33,5,1803,3.7,6,Andrey Rublev,Russia,188,70,24,8,5,21,5,3,1,361,198,91,55,3.34,4,1964,1.33,7
2077799,2022-04-24-02-00,Barcelona,atp,semifinal,clay,1,1,0.71,Diego Schwartzman,Argentina,170,64,29,15,8,19,8,14,4,595,338,460,218,0.73,1,1907,1.71,7,Pablo Carreno-Busta,Spain,188,78,30,19,10,14,7,5,2,572,306,366,172,0.7,2,-,2.27,6
2077797,2022-04-24-03-30,Barcelona,atp,semifinal,clay,1,1,0.09,Carlos Alcaraz,Spain,185,72,18,11,11,21,3,8,1,137,41,85,25,4.28,0,2090,1.09,9,Alex De Minaur,Australia,183,69,23,25,15,16,7,4,1,250,144,48,34,1.64,0,1766,9.7,7
2077797,2022-04-24-19-10,Barcelona,atp,semifinal,clay,1,1,0.09,Carlos Alcaraz,Spain,185,72,18,11,11,21,3,8,1,137,41,85,25,4.28,0,2090,1.09,9,Alex De Minaur,Australia,183,69,23,25,15,16,7,4,1,250,144,48,34,1.64,0,1766,9.25,7
2077799,2022-04-24-19-10,Barcelona,atp,semifinal,clay,2,1,-1,Diego Schwartzman,Argentina,170,64,29,15,8,19,8,14,4,595,338,460,218,0.73,1,1907,1.71,7,Pablo Carreno-Busta,Spain,188,78,30,19,10,14,7,5,2,572,306,366,172,0.7,2,-,2.27,6
