match_id,time_stamp,title,tour,round,surface,winner,predict,prediction_roi,player1_name,player1_country,player1_height,player1_weight,player1_age,player1_current_rank,player1_highest_rank,player1_year_total_win,player1_year_total_lose,player1_year_surface_win,player1_year_surface_lose,player1_career_total_win,player1_career_total_lose,player1_career_surface_win,player1_career_surface_lose,player1_roi,player1_H2H,player1_elo,player1_odds,player1_latest_win,player2_name,player2_country,player2_height,player2_weight,player2_age,player2_current_rank,player2_highest_rank,player2_year_total_win,player2_year_total_lose,player2_year_surface_win,player2_year_surface_lose,player2_career_total_win,player2_career_total_lose,player2_career_surface_win,player2_career_surface_lose,player2_roi,player2_H2H,player2_elo,player2_odds,player2_latest_win,strong_predict
2142335,2022-07-16-21-05,Lausanne,wta,semifinal,clay,2,1,-1,Caroline Garcia,France,177,61,28,48,4,20,12,4,1,400,310,114,78,20.99,3,1786,1.81,9,Petra Martic,Croatia,181,63,31,85,14,23,14,11,4,411,289,170,93,9.86,0,1767,2.12,6
2142139,2022-07-16-21-35,Budapest WTA,wta,semifinal,clay,1,2,-1,Alexandra Krunic,Serbia,163,53,29,105,39,19,16,9,5,379,273,174,104,-2.07,0,-,2.57,7,Yulia Putintseva,Kazakhstan,163,59,27,32,27,20,12,13,5,365,273,138,74,-0.88,2,1836,1.57,6
2142333,2022-07-16-22-40,Bastad,atp,semifinal,clay,1,2,-1,Sebastian Baez,Argentina,170,70,21,34,34,33,20,25,11,193,83,162,64,-0.01,0,1878,2.12,5,Andrey Rublev,Russia,188,70,24,8,5,31,9,13,4,371,202,101,58,4.04,0,1961,1.81,6
2142193,2022-07-16-23-05,Budapest WTA,wta,semifinal,clay,1,1,0.99,Bernarda Pera,USA,175,80,27,130,59,18,14,14,7,371,216,238,97,-1.67,0,1677,1.99,7,Anna Bondar,Hungary,-,-,25,53,53,28,17,19,6,333,161,252,106,-2.32,0,1704,1.92,7
2142003,2022-07-17-03-05,Newport,atp,semifinal,grass,1,1,0.85,Maxime Cressy,USA,201,88,25,41,41,25,19,9,4,192,123,13,9,5.38,1,1742,1.85,7,John Isner,USA,208,108,37,22,8,17,13,4,1,554,348,54,32,-0.75,0,1813,2.06,7
2142385,2022-07-17-04-35,Newport,atp,semifinal,grass,2,1,-1,Jason Kubler,Australia,178,74,29,102,91,41,11,9,1,406,183,22,11,12.53,0,1633,2.52,9,Alexander Bublik,Kazakhstan,198,77,25,42,30,21,17,8,4,297,205,29,21,5.05,0,1749,1.59,7
