match_id,time_stamp,title,tour,round,surface,winner,predict,prediction_roi,player1_name,player1_country,player1_height,player1_weight,player1_age,player1_current_rank,player1_highest_rank,player1_year_total_win,player1_year_total_lose,player1_year_surface_win,player1_year_surface_lose,player1_career_total_win,player1_career_total_lose,player1_career_surface_win,player1_career_surface_lose,player1_roi,player1_H2H,player1_elo,player1_odds,player1_latest_win,player2_name,player2_country,player2_height,player2_weight,player2_age,player2_current_rank,player2_highest_rank,player2_year_total_win,player2_year_total_lose,player2_year_surface_win,player2_year_surface_lose,player2_career_total_win,player2_career_total_lose,player2_career_surface_win,player2_career_surface_lose,player2_roi,player2_H2H,player2_elo,player2_odds,player2_latest_win,strong_predict
2139303,2022-07-13-20-55,Budapest WTA,wta,round of 16,clay,1,1,0.33,Lesya Tsurenko,Ukraine,174,67,33,97,23,22,11,7,3,466,306,155,97,0.85,0,-,1.33,8,Kamilla Rakhimova,Russia,-,-,20,107,95,15,18,6,9,130,81,48,32,0.26,0,1514,3.68,4
2140855,2022-07-13-22-00,Lausanne,wta,round of 16,clay,1,1,1.17,Simona Waltert,Switzerland,-,-,21,154,154,21,17,17,8,170,105,80,56,2.91,0,1490,2.17,8,Cristina Bucsa,Spain,180,63,24,126,125,30,18,14,8,265,159,132,83,-0.44,0,1540,1.78,8
2140663,2022-07-13-22-15,Bastad,atp,round of 16,clay,2,2,4.19,Casper Ruud,Norway,183,77,23,5,5,32,13,21,6,304,174,189,92,-0.83,1,2012,1.2,6,Francisco Cerundolo,Argentina,185,78,23,39,39,26,19,18,11,234,103,213,88,10.33,0,1702,5.19,3
2140499,2022-07-13-22-45,Budapest WTA,wta,round of 16,clay,2,2,0.4,Kateryna Baindl,Ukraine,175,51,28,138,62,12,12,8,7,366,247,127,70,-3.72,1,-,3.24,7,Martina Trevisan,Italy,-,-,28,26,26,21,13,14,5,294,166,232,102,1.86,0,1763,1.4,7
2140883,2022-07-14-01-05,Newport,atp,round of 16,grass,2,1,-1,Quentin Halys,France,191,78,25,86,82,43,17,6,4,336,259,14,12,6.49,0,1668,1.75,6,James Duckworth,Australia,183,82,30,74,46,6,11,3,5,385,246,33,31,-6.52,3,1624,2.21,6
2139841,2022-07-14-01-05,Bastad,atp,round of 16,clay,1,2,-1,Diego Schwartzman,Argentina,170,64,29,14,8,26,15,19,8,602,345,465,222,-3.38,2,1904,1.32,5,Elias Ymer,Sweden,183,79,26,134,105,26,18,12,9,326,248,188,112,-0.26,0,1631,3.74,6
2141009,2022-07-14-01-05,Newport,atp,round of 16,grass,2,1,-1,Mitchell Krueger,USA,188,82,28,146,144,21,15,4,1,371,314,8,13,6.01,0,1525,4.67,5,Maxime Cressy,USA,201,88,25,41,41,23,19,7,4,190,123,11,9,4.67,0,1742,1.23,7
2140171,2022-07-14-01-10,Newport,atp,round of 16,grass,1,1,1.0,Alexander Bublik,Kazakhstan,198,77,25,42,30,19,17,6,4,295,205,27,21,2.76,0,1749,2.0,6,Jack Sock,USA,191,88,29,100,8,29,12,13,3,332,246,32,19,2.56,1,1725,1.91,8
2140151,2022-07-14-01-10,Budapest WTA,wta,round of 16,clay,2,1,-1,Aliaksandra Sasnovich,Belarus,174,60,28,36,30,27,13,10,5,374,239,105,75,3.18,1,1787,1.69,6,Bernarda Pera,USA,175,80,27,130,59,16,14,12,7,369,216,236,97,-3.66,0,1677,2.31,5
2140677,2022-07-14-01-20,Budapest WTA,wta,round of 16,clay,1,1,0.19,Anna Bondar,Hungary,-,-,25,53,53,26,17,17,6,331,161,250,106,-3.6,1,1704,1.19,5,Despina Papamichail,Greece,-,-,29,195,147,22,23,17,13,497,358,296,202,6.6,1,1479,5.42,7
2140153,2022-07-14-01-55,Lausanne,wta,round of 16,clay,2,2,0.31,Clara Burel,France,-,-,21,106,74,8,15,6,9,102,72,49,38,-5.77,0,1550,3.81,4,Sara Sorribes Tormo,Spain,176,69,25,43,32,17,11,6,3,365,229,222,106,-0.38,0,1817,1.31,6
2140723,2022-07-14-02-30,Newport,atp,round of 16,grass,2,1,-1,Jiri Vesely,Czech Republic,198,94,29,69,35,19,16,5,3,431,297,31,21,12.9,1,1672,1.91,5,Steve Johnson,USA,188,86,32,95,21,20,15,5,3,375,287,46,33,4.33,1,1667,2.0,6
2140823,2022-07-14-03-20,Newport,atp,round of 16,grass,1,2,-1,Benjamin Bonzi,France,185,76,26,48,47,29,15,7,3,377,214,17,6,-0.07,0,1778,1.42,6,Christopher Eubanks,USA,201,82,26,163,147,18,13,4,1,161,135,9,11,1.29,0,1564,3.12,7
2140581,2022-07-14-03-20,Bastad,atp,round of 16,clay,1,2,-1,Aslan Karatsev,Russia,185,85,28,40,14,11,16,2,6,410,264,162,107,-6.66,0,1722,1.7,3,Hugo Gaston,France,173,68,21,58,58,12,18,4,6,159,117,86,48,2.6,1,1653,2.29,6
2141011,2022-07-14-03-20,Newport,atp,round of 16,grass,2,2,0.17,Max Purcell,Australia,185,75,24,202,156,19,18,8,3,210,158,17,12,-3.55,0,1533,5.91,7,Andy Murray,Great Britain,190,83,35,52,1,21,11,9,3,827,278,117,35,1.19,0,1838,1.17,7
2140095,2022-07-14-06-05,Newport,atp,round of 16,grass,2,1,-1,Peter Gojowczyk,Germany,188,83,32,91,39,7,16,3,3,598,454,30,30,6.3,1,1595,4.23,4,John Isner,USA,208,108,37,22,8,15,13,2,1,552,348,52,32,-1.65,0,1813,1.27,6
2140149,2022-07-14-07-35,Newport,atp,round of 16,grass,1,2,-1,Felix Auger Aliassime,Canada,193,88,21,9,9,31,17,5,4,256,153,23,12,0.86,0,1910,1.32,5,Jason Kubler,Australia,178,74,29,102,91,39,11,7,1,404,183,20,11,9.49,0,1633,3.73,8
2140699,2022-07-14-19-05,Bastad,atp,round of 16,clay,2,1,-1,Marc-Andrea Huesler,Switzerland,196,88,26,108,104,27,15,16,3,231,185,86,67,4.61,0,-,2.88,8,Laslo Djere,Serbia,188,82,27,53,27,15,15,11,7,337,229,274,130,-3.74,0,1757,1.48,5
2141229,2022-07-14-19-05,Budapest WTA,wta,round of 16,clay,1,2,-1,Alexandra Krunic,Serbia,163,53,29,105,39,17,16,7,5,377,273,172,104,-3.99,0,-,2.35,6,Shuai Zhang,China,177,66,33,37,23,22,17,3,6,550,388,87,89,5.53,2,1690,1.67,7
2140509,2022-07-14-20-00,Lausanne,wta,round of 16,clay,1,1,0.78,Olga Danilovic,Serbia,-,-,21,124,96,12,5,12,5,138,77,91,37,4.04,1,1646,1.78,6,Anna Kalinskaya,Russia,175,68,23,73,73,17,13,2,4,224,136,68,44,-1.28,0,1646,2.16,4
