match_id,time_stamp,title,tour,round,surface,winner,predict,prediction_roi,player1_name,player1_country,player1_height,player1_weight,player1_age,player1_current_rank,player1_highest_rank,player1_year_total_win,player1_year_total_lose,player1_year_surface_win,player1_year_surface_lose,player1_career_total_win,player1_career_total_lose,player1_career_surface_win,player1_career_surface_lose,player1_roi,player1_H2H,player1_elo,player1_odds,player1_latest_win,player2_name,player2_country,player2_height,player2_weight,player2_age,player2_current_rank,player2_highest_rank,player2_year_total_win,player2_year_total_lose,player2_year_surface_win,player2_year_surface_lose,player2_career_total_win,player2_career_total_lose,player2_career_surface_win,player2_career_surface_lose,player2_roi,player2_H2H,player2_elo,player2_odds,player2_latest_win,strong_predict
2078057,2022-04-24-21-15,Stuttgart,wta,final,clay,1,1,0.45,Iga Swiatek,Poland,176,65,20,1,1,31,3,3,0,191,51,87,14,7.95,1,2132,1.45,10,Aryna Sabalenka,Belarus,182,80,23,4,2,10,8,4,1,289,147,48,35,-1.27,1,1908,2.97,6
2078047,2022-04-24-22-10,Belgrade,atp,final,clay,2,2,2.14,Novak Djokovic,Serbia,187,80,34,1,1,5,2,3,1,1135,241,308,68,0.08,1,2134,1.42,8,Andrey Rublev,Russia,188,70,24,8,5,22,5,4,1,362,198,92,55,3.66,0,1964,3.14,7
2078049,2022-04-24-22-10,Istanbul WTA,wta,final,clay,1,2,-1,Anastasia Potapova,Russia,175,57,21,122,64,12,8,6,0,137,96,44,23,1.45,0,1652,2.8,7,Veronika Kudermetova,Russia,175,63,25,29,22,16,7,3,0,287,191,75,52,13.47,1,1881,1.5,8
2079019,2022-04-25-01-30,Barcelona,atp,final,clay,1,1,0.63,Carlos Alcaraz,Spain,185,72,18,11,11,22,3,9,1,138,41,86,25,4.36,0,2090,1.63,9,Pablo Carreno-Busta,Spain,188,78,30,19,10,15,7,6,2,573,306,367,172,1.89,0,-,2.42,7
2077845,2022-04-25-19-10,Munich,atp,1. round,clay,1,1,0.01,Miomir Kecmanovic,Serbia,183,75,22,38,38,21,8,9,4,229,147,103,56,11.75,0,1822,1.01,7,Hans Rehberg Max,Germany,-,-,18,1067,980,9,9,3,3,19,25,7,10,-4.9,0,-,25.17,5
