match_id,time_stamp,title,tour,round,surface,winner,predict,prediction_roi,player1_name,player1_country,player1_height,player1_weight,player1_age,player1_current_rank,player1_highest_rank,player1_year_total_win,player1_year_total_lose,player1_year_surface_win,player1_year_surface_lose,player1_career_total_win,player1_career_total_lose,player1_career_surface_win,player1_career_surface_lose,player1_roi,player1_H2H,player1_elo,player1_odds,player1_latest_win,player2_name,player2_country,player2_height,player2_weight,player2_age,player2_current_rank,player2_highest_rank,player2_year_total_win,player2_year_total_lose,player2_year_surface_win,player2_year_surface_lose,player2_career_total_win,player2_career_total_lose,player2_career_surface_win,player2_career_surface_lose,player2_roi,player2_H2H,player2_elo,player2_odds,player2_latest_win,strong_predict
2154105,2022-07-30-21-40,Livesport Prague Open,wta,semifinal,hard,1,1,0.34,Marie Bouzkova,Czech Republic,180,61,24,66,46,29,10,20,6,292,163,194,86,6.93,0,1852,1.34,7,Linda Noskova,Czech Republic,179,64,17,112,112,32,9,6,2,95,40,19,9,5.77,0,1662,3.59,9
2154075,2022-07-30-22-30,Kitzbühel,atp,semifinal,clay,1,1,1.72,Filip Misolic,Austria,-,-,20,205,194,30,12,27,9,101,47,92,38,5.54,0,1550,2.72,6,Yannick Hanfmann,Germany,193,86,30,140,92,20,16,14,12,355,211,235,110,3.6,1,1592,1.51,7
2154169,2022-07-30-23-00,Livesport Prague Open,wta,semifinal,hard,1,1,0.48,Anastasia Potapova,Russia,175,57,21,59,59,27,16,9,7,152,104,67,51,5.68,0,1709,1.48,8,Qiang Wang,China,172,60,30,141,12,27,15,17,7,471,292,328,192,3.72,0,1724,2.86,9
2154339,2022-07-31-01-40,Umag,atp,semifinal,clay,1,1,0.06,Carlos Alcaraz,Spain,185,72,19,5,5,41,8,25,3,157,46,102,27,4.42,0,2149,1.06,8,Giulio Zeppieri,Italy,185,78,20,168,164,22,19,20,15,91,75,85,60,2.77,0,1597,12.36,6
2154191,2022-07-31-04-30,Umag,atp,semifinal,clay,2,2,0.12,Franco Agamenone,Italy,188,82,29,136,136,25,21,18,14,408,265,367,242,7.83,0,1502,7.78,8,Jannik Sinner,Italy,188,76,20,10,9,33,9,13,4,203,100,69,38,2.93,0,2028,1.12,7
2154377,2022-07-31-05-00,Atlanta,atp,semifinal,hard,1,1,1.53,Ilya Ivashka,Belarus,193,84,28,53,40,15,14,3,1,348,219,180,99,-1.06,0,1827,2.53,7,Alex De Minaur,Australia,183,69,23,30,15,30,16,10,5,264,153,120,63,-2.06,1,1856,1.59,8
2154385,2022-07-31-11-15,Atlanta,atp,semifinal,hard,2,1,-1,Frances Tiafoe,USA,188,86,24,29,25,18,14,6,5,291,208,126,97,-0.26,0,1817,1.88,6,Jenson Brooksby,USA,188,82,21,43,33,20,13,9,3,145,71,90,45,-1.24,1,1844,2.04,6
2154733,2022-07-31-21-00,Livesport Prague Open,wta,final,hard,2,2,0.96,Anastasia Potapova,Russia,175,57,21,59,59,28,16,10,7,153,104,68,51,6.15,0,1709,1.94,8,Marie Bouzkova,Czech Republic,180,61,24,66,46,30,10,21,6,293,163,195,86,7.24,1,1852,1.96,8
