match_id,time_stamp,title,tour,round,surface,winner,predict,prediction_roi,player1_name,player1_country,player1_height,player1_weight,player1_age,player1_current_rank,player1_highest_rank,player1_year_total_win,player1_year_total_lose,player1_year_surface_win,player1_year_surface_lose,player1_career_total_win,player1_career_total_lose,player1_career_surface_win,player1_career_surface_lose,player1_roi,player1_H2H,player1_elo,player1_odds,player1_latest_win,player2_name,player2_country,player2_height,player2_weight,player2_age,player2_current_rank,player2_highest_rank,player2_year_total_win,player2_year_total_lose,player2_year_surface_win,player2_year_surface_lose,player2_career_total_win,player2_career_total_lose,player2_career_surface_win,player2_career_surface_lose,player2_roi,player2_H2H,player2_elo,player2_odds,player2_latest_win,strong_predict
2025164,2022-01-25-18-55,Australian Open,atp,quarterfinal,hard,2,1.73,0.62,Gael Monfils,France,193,85,35,20,6,8,1,8,1,626,345,236,134,2.31,0,1849,2.45,8,Matteo Berrettini,Italy,196,95,25,7,7,5,2,5,2,297,141,119,56,1.69,2,1936,1.62,6
2025700,2022-01-26-09-10,Australian Open,wta,quarterfinal,hard,1,1.34,0.38,Danielle Collins,USA,178,64,28,30,23,4,0,4,0,196,118,118,77,3.3,0,-,1.38,7,Alize Cornet,France,173,60,32,61,11,4,2,4,2,531,412,209,171,9.75,0,1760,3.31,6
2025720,2022-01-26-11-15,Australian Open,wta,quarterfinal,hard,1,1.22,0.24,Iga Swiatek,Poland,176,65,20,9,4,7,1,7,1,167,49,56,24,2.16,0,1982,1.24,8,Kaia Kanepi,Estonia,181,74,36,115,15,5,1,5,1,544,311,186,133,5.42,0,1774,4.62,6
2025718,2022-01-26-14-40,Australian Open,atp,quarterfinal,hard,2,1.46,-1,Jannik Sinner,Italy,188,76,20,10,9,7,0,7,0,177,91,56,30,1.99,1,1987,1.69,10,Stefanos Tsitsipas,Greece,193,89,23,4,3,5,1,5,1,382,184,163,88,1.11,2,1988,2.31,6
