match_id,time_stamp,title,tour,round,surface,winner,predict,prediction_roi,player1_name,player1_country,player1_height,player1_weight,player1_age,player1_current_rank,player1_highest_rank,player1_year_total_win,player1_year_total_lose,player1_year_surface_win,player1_year_surface_lose,player1_career_total_win,player1_career_total_lose,player1_career_surface_win,player1_career_surface_lose,player1_roi,player1_H2H,player1_elo,player1_odds,player1_latest_win,player2_name,player2_country,player2_height,player2_weight,player2_age,player2_current_rank,player2_highest_rank,player2_year_total_win,player2_year_total_lose,player2_year_surface_win,player2_year_surface_lose,player2_career_total_win,player2_career_total_lose,player2_career_surface_win,player2_career_surface_lose,player2_roi,player2_H2H,player2_elo,player2_odds,player2_latest_win,strong_predict
2131081,2022-06-29-21-40,Wimbledon,atp,2. round,grass,1,1,0.52,David Goffin,Belgium,180,70,31,58,7,23,16,1,1,588,322,30,24,2.29,0,1821,1.52,6,Sebastian Baez,Argentina,170,70,21,35,34,30,17,2,1,190,80,2,2,1.46,0,1767,2.73,6
2130161,2022-06-29-21-40,Wimbledon,wta,2. round,grass,2,1,-1,Anhelina Kalinina,Ukraine,179,70,25,34,34,18,12,5,3,311,158,10,10,7.2,0,1719,1.74,6,Lesya Tsurenko,Ukraine,174,67,33,101,23,20,10,8,1,464,305,36,28,0.44,0,-,2.2,8
2131035,2022-06-29-21-45,Wimbledon,atp,2. round,grass,2,1,-1,Ryan Peniston,Great Britain,183,75,26,135,135,27,16,9,4,268,164,28,20,9.5,0,1556,1.86,7,Steve Johnson,USA,188,86,32,93,21,18,14,3,2,373,286,44,32,3.75,0,1677,2.05,5
2130631,2022-06-29-21-45,Wimbledon,atp,2. round,grass,2,2,0.25,Alejandro Tabilo,Chile,188,75,25,78,78,29,16,3,3,304,195,5,6,1.67,1,1637,4.43,5,Miomir Kecmanovic,Serbia,183,75,22,30,30,28,14,1,2,236,153,9,10,7.35,0,1792,1.25,4
2131079,2022-06-29-21-45,Wimbledon,wta,2. round,grass,1,1,0.98,Shuai Zhang,China,177,66,33,41,23,20,16,7,2,548,387,35,31,5.27,0,1677,1.98,7,Marta Kostyuk,Ukraine,171,60,20,76,49,16,12,3,1,150,81,11,9,-2.61,2,1708,1.91,5
2130195,2022-06-29-21-50,Wimbledon,atp,2. round,grass,2,1,-1,Casper Ruud,Norway,183,77,23,6,5,32,12,2,2,304,173,4,6,0.17,1,1905,1.63,7,Ugo Humbert,France,188,73,24,112,25,7,17,2,3,232,158,18,11,-6.01,2,1706,2.43,3
2130187,2022-06-29-21-50,Wimbledon,atp,2. round,grass,1,2,-1,Frances Tiafoe,USA,188,86,24,28,25,14,13,2,2,287,207,20,16,-1.9,2,1792,1.22,4,Maximilian Marterer,Germany,191,84,27,172,45,22,15,4,0,344,223,8,9,-1.03,0,1512,4.87,8
2130193,2022-06-29-22-05,Wimbledon,wta,2. round,grass,1,2,-1,Jule Niemeier,Germany,-,-,22,97,94,27,13,2,2,164,87,6,4,-1.84,0,1698,2.89,8,Anett Kontaveit,Estonia,174,65,26,3,2,17,8,1,0,398,193,47,19,-1.4,0,1903,1.46,4
2130201,2022-06-29-22-35,Wimbledon,atp,2. round,grass,1,1,0.02,Novak Djokovic,Serbia,187,80,35,3,1,18,5,2,0,1148,244,113,22,-0.94,1,2112,1.02,9,Thanasi Kokkinakis,Australia,193,84,26,79,69,19,10,1,1,242,146,13,18,3.39,0,1672,20.88,5
2131085,2022-06-29-23-15,Wimbledon,atp,2. round,grass,1,1,0.16,Oscar Otte,Germany,193,79,28,36,36,20,17,6,2,448,251,15,9,0.78,0,1730,1.16,7,Christian Harrison,USA,180,77,28,251,198,22,12,4,0,224,149,10,8,2.48,0,1535,6.23,7
2127423,2022-06-29-23-15,Wimbledon,wta,1. round,grass,2,2,0.69,Donna Vekic,Croatia,179,64,26,82,19,16,10,7,3,322,238,38,27,-0.74,0,1699,2.29,7,Jessica Pegula,USA,170,70,28,9,8,23,12,0,0,343,212,15,15,3.43,0,1839,1.69,7
2127421,2022-06-29-23-20,Wimbledon,wta,1. round,grass,2,2,0.22,Rebeka Masarova,Spain,186,71,22,146,121,9,13,0,1,143,70,0,1,-3.51,0,1423,4.77,3,Harriet Dart,Great Britain,172,58,25,94,94,19,17,6,4,280,204,30,38,9.61,0,1578,1.22,6
2130635,2022-06-29-23-40,Wimbledon,atp,2. round,grass,1,2,-1,Alexander Bublik,Kazakhstan,198,77,25,38,30,18,16,5,3,294,204,26,20,3.55,0,1746,1.24,6,Dusan Lajovic,Serbia,183,83,31,64,23,15,18,1,1,526,411,9,22,4.27,1,1627,4.59,6
2131029,2022-06-29-23-45,Wimbledon,wta,2. round,grass,2,2,0.17,Yanina Wickmayer,Belgium,182,68,32,606,12,15,8,6,3,493,332,61,41,-1.42,1,-,5.76,6,Jelena Ostapenko,Latvia,177,68,25,17,5,22,11,6,2,318,193,38,18,5.26,1,1897,1.17,7
2130185,2022-06-30-00-10,Wimbledon,atp,2. round,grass,1,2,-1,Nikoloz Basilashvili,Georgia,185,79,30,26,16,11,20,3,3,453,374,21,24,-6.58,0,1712,1.7,5,Quentin Halys,France,191,78,25,82,82,41,15,5,3,334,257,13,11,7.62,0,1645,2.29,5
2130595,2022-06-30-01-00,Wimbledon,wta,2. round,grass,1,1,0.56,Marie Bouzkova,Czech Republic,180,61,23,66,46,23,9,1,1,286,162,13,12,5.07,1,1753,1.56,6,Ann Li,USA,160,50,22,67,44,10,11,3,3,148,93,6,10,-0.26,0,1672,2.58,5
2130199,2022-06-30-01-05,Wimbledon,wta,2. round,grass,1,1,1.35,Caroline Garcia,France,177,61,28,55,4,15,11,8,2,395,309,40,23,18.08,0,1722,2.35,8,Emma Raducanu,Great Britain,-,-,19,11,11,9,11,1,1,102,40,6,7,-2.47,1,1743,1.66,5
2131083,2022-06-30-01-15,Wimbledon,atp,2. round,grass,1,2,-1,Jannik Sinner,Italy,188,76,20,13,9,28,8,1,1,198,99,4,7,0.37,2,1881,1.21,7,Mikael Ymer,Sweden,183,75,23,88,67,9,11,2,1,232,135,9,7,0.37,1,1662,5.02,4
2130597,2022-06-30-01-20,Wimbledon,wta,2. round,grass,1,2,-1,Angelique Kerber,Germany,173,68,34,19,1,12,10,3,1,700,371,86,31,-2.66,1,1899,1.34,8,Magda Linette,Poland,171,59,30,65,33,19,17,4,3,437,318,26,29,4.11,0,1701,3.57,5
2130601,2022-06-30-01-55,Wimbledon,wta,2. round,grass,1,1,0.61,Diane Parry,France,-,-,19,77,77,13,15,4,1,125,90,4,1,-1.84,0,1496,1.61,6,Mai Hontama,Japan,-,-,22,139,126,15,13,5,1,158,104,5,1,-2.03,0,1444,2.46,7
2129891,2022-06-30-02-00,Wimbledon,wta,2. round,grass,2,2,0.19,Maja Chwalinska,Poland,-,-,20,170,170,34,9,6,1,148,66,6,2,10.18,0,1449,5.37,7,Alison Riske,USA,175,66,31,36,18,17,13,5,3,412,329,84,38,1.05,0,1812,1.19,6
2130203,2022-06-30-02-00,Wimbledon,atp,2. round,grass,1,2,-1,Tommy Paul,USA,185,82,25,32,32,21,16,5,3,326,201,11,8,0.51,0,1730,1.7,5,Adrian Mannarino,France,180,79,34,86,22,15,18,4,3,628,491,81,53,4.35,0,1713,2.29,5
2130627,2022-06-30-02-15,Wimbledon,wta,2. round,grass,2,1,-1,Elisabetta Cocciaretto,Italy,-,-,21,119,108,26,8,1,0,123,59,1,0,6.17,0,1674,2.98,9,Irina Begu,Romania,181,67,31,43,22,16,11,1,0,481,325,15,24,4.15,1,-,1.44,6
2130205,2022-06-30-01-25,Wimbledon,atp,2. round,grass,1,1,1.55,Jiri Vesely,Czech Republic,198,94,28,68,35,17,15,3,2,429,296,29,20,12.19,0,1668,2.55,3,Alejandro Davidovich Fokina,Spain,183,80,23,37,27,15,16,3,2,212,144,8,8,3.41,0,1738,1.58,5
2131033,2022-06-30-02-40,Wimbledon,atp,2. round,grass,1,1,0.74,Tim Van Rijthoven,Netherlands,188,89,25,104,104,28,13,6,1,228,129,6,1,14.72,0,1715,1.74,8,Reilly Opelka,USA,211,102,24,18,17,20,13,1,2,219,168,7,13,-0.51,0,1758,2.23,3
2130633,2022-06-30-03-00,Wimbledon,atp,2. round,grass,2,2,0.29,Tallon Griekspoor,Netherlands,188,85,25,53,53,17,14,7,3,326,180,11,6,-2.13,1,1743,4.0,7,Carlos Alcaraz,Spain,185,72,19,7,6,33,6,1,2,149,44,2,3,5.23,1,2010,1.29,7
2130629,2022-06-30-03-00,Wimbledon,atp,2. round,grass,2,1,-1,Andy Murray,Great Britain,190,83,35,52,1,20,10,8,2,826,277,116,34,1.85,9,1838,1.36,8,John Isner,USA,208,108,37,24,8,14,12,1,0,551,347,51,31,-2.88,0,1813,3.45,6
2131027,2022-06-30-03-20,Wimbledon,wta,2. round,grass,1,1,0.15,Maria Sakkari,Greece,172,62,26,5,3,26,13,6,3,405,264,22,15,-2.35,0,1892,1.15,6,Viktoriya Tomova,Bulgaria,170,58,27,112,103,27,20,4,2,433,294,14,12,0.67,1,1513,6.32,7
2130599,2022-06-30-04-20,Wimbledon,wta,2. round,grass,1,2,-1,Panna Udvardy,Hungary,-,-,23,100,81,11,20,1,1,257,180,2,2,-7.99,0,1445,7.66,4,Elise Mertens,Belgium,179,67,26,31,12,15,13,2,3,381,210,28,24,-4.82,0,1787,1.11,5
2130191,2022-06-30-04-20,Wimbledon,wta,2. round,grass,2,2,0.03,Katarzyna Kawa,Poland,-,-,29,132,112,10,9,6,2,377,279,18,7,4.86,0,1460,17.54,6,Ons Jabeur,Tunis,167,66,27,2,2,31,9,6,0,397,214,55,16,6.56,2,1990,1.03,8
2131225,2022-06-30-04-25,Wimbledon,wta,2. round,grass,1,1,0.6,Qiang Wang,China,172,60,30,140,12,22,14,5,3,466,291,41,25,2.61,0,1658,1.6,5,Heather Watson,Great Britain,170,64,30,121,38,16,17,3,3,385,304,56,48,-5.52,1,1587,2.48,4
2130603,2022-06-30-04-35,Wimbledon,wta,2. round,grass,2,2,0.52,Dalma Galfi,Hungary,178,68,23,89,81,27,14,6,0,259,168,9,6,0.22,1,1508,2.71,7,Kaja Juvan,Slovenia,170,58,21,62,58,25,13,1,2,183,90,9,6,4.98,0,1761,1.52,6
2131555,2022-06-30-20-00,Wimbledon,atp,2. round,grass,2,2,0.04,Alastair Gray,Great Britain,188,73,24,288,283,35,11,2,4,122,65,3,11,9.98,0,-,14.93,4,Harry Fritz Taylor,USA,193,86,24,14,13,26,10,5,2,297,199,28,23,9.95,0,-,1.04,6
2131321,2022-06-30-20-00,Wimbledon,atp,2. round,grass,2,2,0.81,Emil Ruusuvuori,Finland,188,79,23,49,48,27,18,6,3,222,119,8,7,-3.64,1,1718,2.13,6,Van De Zandschulp,Netherlands,188,83,26,25,25,23,16,4,3,304,155,7,7,5.06,1,1741,1.81,6
2131239,2022-06-30-20-00,Wimbledon,atp,2. round,grass,2,2,1.59,Marcos Giron,USA,180,77,28,65,49,12,20,3,3,366,227,13,9,-0.77,0,1674,1.56,4,Alex Molcan,Slovakia,178,73,24,51,38,20,15,2,2,231,134,4,3,3.0,0,1744,2.59,6
2131279,2022-06-30-20-00,Wimbledon,wta,2. round,grass,2,2,0.19,Ana Bogdan,Romania,171,59,29,111,59,17,8,3,1,376,235,12,11,1.2,0,1647,5.28,6,Petra Kvitova,Czech Republic,183,70,32,26,2,16,13,6,1,623,276,67,22,-1.58,0,1881,1.19,7
2131265,2022-06-30-20-00,Wimbledon,wta,2. round,grass,1,1,0.07,Paula Badosa,Spain,180,72,24,4,2,25,12,1,1,311,166,12,10,-2.57,2,1911,1.07,5,Maria Bara Irina,Romania,164,80,27,122,104,20,17,1,0,373,249,3,5,-1.4,0,-,10.91,6
2131093,2022-06-30-20-00,Wimbledon,wta,2. round,grass,1,1,0.18,Ajla Tomljanovic,Australia,180,67,29,44,38,16,16,4,2,365,281,33,26,-5.32,0,1745,1.18,6,Catherine Harrison,USA,-,-,28,262,247,20,15,4,1,174,124,4,1,-1.42,0,1367,5.6,5
2131031,2022-06-30-20-00,Wimbledon,wta,2. round,grass,2,2,0.54,Claire Liu,USA,-,-,22,75,74,21,13,2,2,190,119,12,9,0.15,0,1713,2.63,6,Alize Cornet,France,173,60,32,37,11,13,15,4,2,540,425,28,35,5.2,0,1718,1.54,6
