match_id,time_stamp,title,tour,round,surface,winner,predict,prediction_roi,player1_name,player1_country,player1_height,player1_weight,player1_age,player1_current_rank,player1_highest_rank,player1_year_total_win,player1_year_total_lose,player1_year_surface_win,player1_year_surface_lose,player1_career_total_win,player1_career_total_lose,player1_career_surface_win,player1_career_surface_lose,player1_roi,player1_H2H,player1_elo,player1_odds,player1_latest_win,player2_name,player2_country,player2_height,player2_weight,player2_age,player2_current_rank,player2_highest_rank,player2_year_total_win,player2_year_total_lose,player2_year_surface_win,player2_year_surface_lose,player2_career_total_win,player2_career_total_lose,player2_career_surface_win,player2_career_surface_lose,player2_roi,player2_H2H,player2_elo,player2_odds,player2_latest_win,strong_predict
2102129,2022-05-26-20-10,French Open,atp,2. round,clay,2,1,-1,Laslo Djere,Serbia,188,82,26,56,27,13,11,10,6,335,225,273,129,-1.06,1,1766,3.14,7,Daniil Medvedev,Russia,198,83,26,2,1,17,6,1,1,404,171,65,40,-3.06,0,2035,1.42,6
2102143,2022-05-26-20-40,French Open,atp,2. round,clay,1,1,0.2,Miomir Kecmanovic,Serbia,183,75,22,31,31,26,11,14,7,234,150,108,59,9.75,1,1837,1.2,6,Alexander Bublik,Kazakhstan,198,77,24,42,30,13,12,2,5,289,200,53,48,4.58,1,1731,5.28,3
2102513,2022-05-26-20-45,French Open,atp,2. round,clay,2,2,0.66,Frances Tiafoe,USA,188,86,24,27,25,12,10,8,5,285,204,101,55,1.0,1,1815,2.36,6,David Goffin,Belgium,180,70,31,48,7,21,14,13,4,586,320,192,92,3.11,3,1832,1.66,6
2102371,2022-05-26-21-35,French Open,wta,2. round,clay,2,1,-1,Katie Volynets,USA,-,-,20,135,112,21,10,12,4,116,76,40,23,1.33,0,1642,4.95,7,Elena Rybakina,Kazakhstan,184,73,22,16,12,19,9,6,4,222,107,61,31,-4.06,0,1877,1.21,7
2101757,2022-05-26-21-35,French Open,wta,2. round,clay,2,2,0.67,Anna Schmiedlova Karolina,Slovakia,-,-,27,92,26,10,11,6,6,364,246,189,96,-2.74,4,1657,2.33,4,Danka Kovinic,Montenegro,169,67,27,95,46,16,9,10,3,372,270,241,121,10.07,2,1710,1.67,7
2102573,2022-05-26-21-50,French Open,atp,2. round,clay,2,1,-1,Pedro Cachin,Argentina,185,77,27,153,152,25,9,23,7,400,239,370,210,11.35,0,1647,1.89,8,Hugo Gaston,France,173,68,21,74,63,6,14,2,5,153,113,84,47,-2.52,0,1630,2.02,4
2101767,2022-05-26-21-55,French Open,atp,2. round,clay,2,2,0.51,Marton Fucsovics,Hungary,188,82,30,57,31,13,13,6,4,435,316,155,111,-3.96,0,1770,2.77,6,Marin Cilic,Croatia,198,89,33,23,3,14,11,5,4,678,367,166,105,-1.94,2,1829,1.51,5
2102407,2022-05-26-22-00,French Open,atp,2. round,clay,2,1,-1,Joao Sousa,Portugal,185,74,33,63,28,20,17,8,7,574,477,304,233,9.11,1,1589,3.21,6,Lorenzo Sonego,Italy,191,76,27,35,21,11,13,7,7,328,212,209,116,-7.21,1,1739,1.4,3
2101701,2022-05-26-22-35,French Open,atp,2. round,clay,2,2,1.69,Nikoloz Basilashvili,Georgia,185,79,30,24,16,8,16,5,6,450,370,164,122,-6.04,0,1763,1.53,5,Mackenzie McDonald,USA,178,73,27,60,49,12,14,3,5,265,189,27,28,-5.36,1,-,2.69,4
2102471,2022-05-26-22-55,French Open,wta,2. round,clay,1,2,-1,Madison Keys,USA,178,66,27,22,7,16,9,2,3,324,182,69,42,1.27,2,1832,1.53,5,Caroline Garcia,France,177,61,28,79,4,7,8,1,0,387,306,111,77,12.2,1,1754,2.65,6
2102571,2022-05-26-23-05,French Open,atp,2. round,clay,2,2,0.14,Marco Cecchinato,Italy,185,78,29,132,16,4,12,4,9,483,337,420,236,-6.46,0,1588,6.77,4,Hubert Hurkacz,Poland,196,81,25,13,9,21,9,7,3,296,182,86,53,3.59,1,1890,1.14,7
2102517,2022-05-26-23-40,French Open,wta,2. round,clay,1,2,-1,Camila Giorgi,Italy,168,54,30,30,26,5,7,1,3,397,292,112,83,-3.38,0,1784,2.44,3,Yulia Putintseva,Kazakhstan,163,59,27,37,27,16,9,10,4,361,270,135,73,0.03,0,1848,1.61,7
2100871,2022-05-26-23-50,French Open,wta,2. round,clay,1,1,0.02,Iga Swiatek,Poland,176,65,20,1,1,38,3,10,0,198,51,94,14,9.04,2,2187,1.02,10,Alison Riske,USA,175,66,31,43,18,12,9,2,2,407,325,56,75,3.56,0,1731,22.41,6
2102521,2022-05-27-19-00,French Open,wta,2. round,clay,2,1,-1,Mayar Sherif,Egypt,-,-,26,49,49,17,11,13,3,213,97,132,44,-0.18,0,1758,2.2,8,Tamara Zidansek,Slovenia,167,80,24,25,22,9,8,2,3,275,130,191,59,-1.9,0,1738,1.72,4
2102567,2022-05-27-00-10,French Open,wta,2. round,clay,2,2,3.77,Simona Halep,Romania,168,60,30,19,1,20,6,5,2,573,235,205,68,-0.4,1,1987,1.22,7,Qinwen Zheng,China,-,-,19,74,70,18,8,2,2,118,47,46,15,1.85,0,1736,4.77,4
2102577,2022-05-27-00-45,French Open,wta,2. round,clay,2,1,-1,Madison Brengle,USA,174,60,32,57,35,14,12,5,5,546,404,115,108,8.21,0,1684,5.18,5,Aryna Sabalenka,Belarus,182,80,24,7,2,14,11,8,4,293,150,52,38,-2.48,2,1953,1.2,7
2102591,2022-05-27-01-00,French Open,atp,2. round,clay,1,1,1.72,Gilles Simon,France,183,70,37,158,6,13,15,3,5,761,545,223,165,8.44,1,1533,2.72,3,Steve Johnson,USA,188,86,32,92,21,15,11,6,3,370,283,55,46,1.77,0,1684,1.52,6
2102473,2022-05-27-01-05,French Open,wta,2. round,clay,2,1,-1,Danielle Collins,USA,178,64,28,9,8,12,5,3,2,204,123,66,31,3.96,1,1938,1.35,6,Shelby Rogers,USA,175,70,29,50,36,7,10,1,3,290,235,94,76,0.7,1,1723,3.46,4
2102587,2022-05-27-01-40,French Open,atp,2. round,clay,2,2,0.0,Zdenek Kolar,Czech Republic,185,76,25,134,134,16,13,15,11,341,241,253,155,-2.02,0,1494,34.21,7,Stefanos Tsitsipas,Greece,193,89,23,4,3,32,10,15,3,409,193,152,48,-0.06,0,2086,1.0,8
2102575,2022-05-27-02-10,French Open,atp,2. round,clay,2,2,0.06,Roberto Carballes Baena,Spain,183,77,29,89,71,22,17,21,11,512,339,462,272,-5.42,0,1669,11.73,7,Jannik Sinner,Italy,188,76,20,12,9,25,6,9,3,195,97,65,37,1.93,0,2013,1.06,7
2102493,2022-05-27-02-25,French Open,atp,2. round,clay,1,1,0.14,Andrey Rublev,Russia,188,70,24,7,5,26,7,8,3,366,200,96,57,4.12,1,1975,1.14,7,Federico Delbonis,Argentina,193,90,31,65,33,9,15,7,10,537,373,449,238,-7.56,0,1694,6.94,3
2102125,2022-05-27-04-45,French Open,wta,2. round,clay,1,2,-1,Alize Cornet,France,173,60,32,40,11,8,12,3,3,535,422,218,135,1.54,2,1720,2.76,3,Jelena Ostapenko,Latvia,177,68,24,13,5,15,8,1,2,311,190,90,45,5.02,2,1873,1.5,5
2103153,2022-05-27-19-10,French Open,atp,3. round,clay,2,1,-1,Grigor Dimitrov,Bulgaria,191,81,31,21,3,17,10,10,4,535,322,163,94,2.8,3,1875,1.63,6,Diego Schwartzman,Argentina,170,64,29,16,8,23,11,18,7,599,341,464,221,-0.98,1,1913,2.44,7
2102959,2022-05-27-19-10,French Open,wta,3. round,clay,1,1,0.4,Amanda Anisimova,USA,180,59,20,28,21,22,8,12,3,136,74,47,20,6.47,0,1929,1.4,8,Karolina Muchova,Czech Republic,180,80,25,81,19,5,2,3,2,256,126,115,57,3.54,0,1811,3.2,5
2103217,2022-05-27-20-40,French Open,wta,3. round,clay,1,2,-1,Martina Trevisan,Italy,-,-,28,59,59,17,10,10,4,290,163,228,101,1.37,0,1616,1.68,8,Daria Saville,Australia,166,61,28,127,20,16,10,2,3,305,225,67,53,7.01,0,-,2.31,6
