match_id,time_stamp,title,tour,round,surface,winner,predict,prediction_roi,player1_name,player1_country,player1_height,player1_weight,player1_age,player1_current_rank,player1_highest_rank,player1_year_total_win,player1_year_total_lose,player1_year_surface_win,player1_year_surface_lose,player1_career_total_win,player1_career_total_lose,player1_career_surface_win,player1_career_surface_lose,player1_roi,player1_H2H,player1_elo,player1_odds,player1_latest_win,player2_name,player2_country,player2_height,player2_weight,player2_age,player2_current_rank,player2_highest_rank,player2_year_total_win,player2_year_total_lose,player2_year_surface_win,player2_year_surface_lose,player2_career_total_win,player2_career_total_lose,player2_career_surface_win,player2_career_surface_lose,player2_roi,player2_H2H,player2_elo,player2_odds,player2_latest_win,strong_predict
2150727,2022-07-25-20-50,Livesport Prague Open,wta,1. round,hard,1,1,0.68,Qiang Wang,China,172,60,30,141,12,24,15,14,7,468,292,325,192,1.74,0,1724,1.68,6,Rebecca Peterson,Sweden,173,65,26,91,43,17,12,5,3,317,191,148,79,-1.18,0,1697,2.27,5
2150329,2022-07-25-21-00,Kitzbühel,atp,1. round,clay,2,2,0.45,Dutra da Silva,Brazil,-,-,34,215,215,21,24,20,23,634,354,572,306,-2.12,0,-,2.93,3,Filip Misolic,Austria,-,-,20,205,194,27,12,24,9,98,47,89,38,1.87,0,1550,1.45,5
2148635,2022-07-25-21-15,Livesport Prague Open,wta,1. round,hard,2,2,1.73,Elise Mertens,Belgium,179,67,26,30,12,17,14,7,6,383,211,209,96,-3.33,3,1838,1.51,5,Magda Linette,Poland,171,59,30,68,33,19,18,4,6,437,319,170,133,3.11,0,1757,2.73,5
2151209,2022-07-25-21-20,Warsaw WTA,wta,1. round,clay,1,1,1.47,Laura Pigossi,Brazil,-,-,27,113,113,20,19,16,11,333,269,220,172,4.46,0,1472,2.47,4,Varvara Gracheva,Russia,178,-,21,62,59,20,18,12,13,196,120,120,57,-4.58,1,1592,1.59,3
2150951,2022-07-25-21-25,Warsaw WTA,wta,1. round,clay,2,2,0.21,Jesika Maleckova,Czech Republic,-,-,27,216,191,18,17,17,14,335,222,233,149,-4.32,0,1375,4.98,5,Katerina Siniakova,Czech Republic,174,69,26,86,31,11,14,5,4,318,228,130,75,-0.21,2,1776,1.21,4
2150337,2022-07-25-23-05,Kitzbühel,atp,1. round,clay,2,2,0.21,Vitaliy Sachko,Ukraine,183,68,25,265,220,15,19,11,12,253,173,161,111,-8.29,0,1449,4.86,6,Dusan Lajovic,Serbia,183,83,32,80,23,17,21,13,11,528,414,342,224,2.1,0,1698,1.21,5
2148631,2022-07-25-23-05,Livesport Prague Open,wta,1. round,hard,2,1,-1,Vitalia Diatchenko,Russia,180,63,31,117,71,22,16,15,9,381,210,130,81,-5.5,1,1600,2.77,7,Lin Zhu,China,173,64,28,100,69,26,18,20,8,372,247,316,183,-8.33,1,1563,1.5,4
2150335,2022-07-25-23-10,Kitzbühel,atp,1. round,clay,2,1,-1,Hernan Casanova,Argentina,178,76,28,321,255,20,14,20,14,422,239,414,231,4.79,0,1369,2.92,6,Jurij Rodionov,Austria,191,86,23,145,125,28,18,10,6,199,148,74,56,3.32,0,1571,1.46,4
2150729,2022-07-25-23-15,Livesport Prague Open,wta,1. round,hard,1,2,-1,Dalila Jakupovic,Slovenia,178,70,31,259,69,45,20,5,3,447,379,147,130,-3.15,0,1471,6.11,7,Alison Van Uytvanck,Belgium,173,63,28,42,37,20,13,4,6,378,253,95,94,-5.06,0,1769,1.16,7
2150787,2022-07-26-00-10,Umag,atp,1. round,clay,1,2,-1,Giulio Zeppieri,Italy,185,78,20,168,164,19,19,17,15,88,75,82,60,-1.49,0,1597,2.46,5,Pedro Cachin,Argentina,185,77,27,90,90,39,14,36,11,414,244,383,214,12.82,0,1703,1.61,9
2148561,2022-07-26-01-00,Kitzbühel,atp,1. round,clay,1,2,-1,Federico Coria,Argentina,180,73,30,73,52,25,22,23,18,551,344,537,310,-6.02,2,1679,2.41,5,Cristian Garin,Chile,185,85,26,71,17,16,17,9,10,351,232,275,156,3.03,2,1805,1.63,5
2148641,2022-07-26-01-00,Livesport Prague Open,wta,1. round,hard,2,1,-1,Tereza Martincova,Czech Republic,179,64,27,73,40,11,16,5,6,415,319,113,86,-2.57,1,1752,1.28,4,Chloe Paquet,France,178,80,28,102,101,22,21,5,6,357,329,93,79,-7.99,0,1510,4.01,6
2149491,2022-07-26-01-10,Atlanta,atp,1. round,hard,1,2,-1,Woo Kwon Soon,South Korea,180,72,24,76,52,14,19,5,7,255,165,176,111,-8.17,0,-,2.16,3,Marcos Giron,USA,180,77,29,55,49,12,21,3,7,366,228,272,152,-1.77,0,1733,1.76,3
2151321,2022-07-26-01-30,Warsaw WTA,wta,1. round,clay,2,2,0.91,Rebeka Masarova,Spain,186,71,22,165,121,17,16,13,8,151,73,102,45,0.17,1,1529,1.96,8,Maja Chwalinska,Poland,-,-,20,162,162,36,11,13,4,150,68,90,32,8.57,0,1603,1.91,7
2149405,2022-07-26-02-15,Umag,atp,1. round,clay,1,1,0.51,Roberto Carballes Baena,Spain,183,77,29,86,71,31,25,30,18,521,347,471,279,-9.86,2,1678,1.51,7,Henri Laaksonen,Switzerland,185,78,30,110,84,13,23,6,10,448,364,202,162,-11.72,3,1603,2.73,4
2149399,2022-07-26-02-25,Umag,atp,1. round,clay,1,1,1.24,Elahi Galan Daniel,Colombia,191,72,26,99,99,35,20,29,15,317,247,220,152,10.34,0,-,2.24,6,Fabio Fognini,Italy,178,79,35,54,9,15,15,12,11,626,476,405,246,-5.08,0,1782,1.72,3
2150781,2022-07-26-04-10,Atlanta,atp,1. round,hard,1,1,1.59,Taro Daniel,Japan,191,80,29,101,64,33,17,18,6,540,344,154,112,6.89,0,1693,2.59,6,Sebastian Korda,USA,193,75,22,57,30,17,13,7,5,179,116,58,44,-1.21,0,1854,1.56,4
2149407,2022-07-26-04-10,Umag,atp,1. round,clay,1,1,0.33,Jaume Munar,Spain,183,76,25,59,52,39,18,29,11,338,217,273,141,-0.21,1,1760,1.33,7,Mikael Ymer,Sweden,183,75,23,108,67,10,14,3,7,233,138,95,59,-2.27,0,1667,3.59,5
2150789,2022-07-26-05-25,Umag,atp,1. round,clay,1,2,-1,Marco Cecchinato,Italy,185,78,29,151,16,17,22,17,19,496,347,433,246,-8.63,0,1618,1.29,7,Mili Poljicak,Croatia,-,-,18,537,537,7,9,7,9,13,19,13,19,7.16,0,-,3.98,6
2149497,2022-07-26-06-20,Atlanta,atp,1. round,hard,1,2,-1,Brandon Nakashima,USA,185,77,20,56,49,21,17,5,7,147,84,79,45,-4.05,2,1807,1.22,7,Jordan Thompson,Australia,183,82,28,95,43,20,18,4,6,382,257,213,141,-3.95,1,1685,4.8,5
2149499,2022-07-26-08-00,Atlanta,atp,1. round,hard,1,1,0.97,John Millman,Australia,183,79,33,81,33,13,19,6,8,457,316,264,164,-5.62,4,1684,1.97,4,Alexei Popyrin,Australia,196,78,22,84,59,18,23,4,8,205,165,100,78,-9.28,0,1628,1.92,4
2148809,2022-07-26-18-10,Warsaw WTA,wta,1. round,clay,1,2,-1,Clara Burel,France,-,-,21,131,74,8,17,6,11,102,74,49,40,-7.77,0,1531,2.44,3,Anna Schmiedlova Karolina,Slovakia,-,-,27,78,26,16,17,11,11,370,252,194,101,-4.63,1,1657,1.61,5
2150737,2022-07-26-19-05,Livesport Prague Open,wta,1. round,hard,1,1,0.33,Alize Cornet,France,173,60,32,38,11,15,16,5,6,542,426,210,175,8.74,0,1780,1.33,6,Anastasia Zakharova,Russia,-,-,20,160,156,30,12,20,4,158,69,58,21,0.52,0,1342,3.58,8
2148637,2022-07-26-19-05,Livesport Prague Open,wta,1. round,hard,2,2,0.51,Daria Snigur,Ukraine,-,-,20,128,128,21,14,6,6,113,53,72,25,-7.78,0,1501,2.71,6,Viktoriya Tomova,Bulgaria,170,58,27,110,101,30,23,8,5,436,297,118,73,-0.88,0,1581,1.51,6
2148817,2022-07-26-19-10,Warsaw WTA,wta,1. round,clay,2,2,0.65,Nuria Parrizas-Diaz,Spain,-,-,31,55,45,19,19,11,9,504,314,135,117,-2.06,0,-,2.36,4,Ana Bogdan,Romania,171,59,29,108,59,18,11,8,6,377,238,158,96,-1.42,0,1683,1.65,4
2148563,2022-07-26-19-15,Kitzbühel,atp,1. round,clay,2,1,-1,Nicolas Jarry,Chile,198,90,26,112,38,29,14,28,14,332,219,264,141,-0.9,0,1639,1.96,7,Pedro Martinez,Spain,185,76,25,49,40,19,19,13,12,387,219,321,160,-3.87,0,1683,1.93,5
2150331,2022-07-26-19-15,Kitzbühel,atp,1. round,clay,2,2,2.03,Lorenzo Sonego,Italy,191,76,27,58,21,17,20,8,10,334,219,210,119,-11.57,1,1748,1.43,4,Pablo Andujar,Spain,180,80,36,98,32,19,17,16,12,584,485,499,319,-6.27,2,1644,3.03,8
2151319,2022-07-26-19-40,Warsaw WTA,wta,1. round,clay,1,1,0.35,Georgiana Serban Raluca,Cyprus,-,-,25,185,178,21,7,17,5,277,121,139,66,6.82,0,-,1.35,6,Gabriela Lee,Romania,-,-,26,146,144,18,18,17,11,238,175,182,119,2.46,0,-,3.44,3
2150689,2022-07-26-20-00,Warsaw WTA,wta,1. round,clay,1,2,-1,Jasmine Paolini,Italy,160,60,26,58,44,13,16,5,7,310,221,188,105,-4.01,0,1691,1.67,5,Danka Kovinic,Montenegro,169,67,27,81,46,17,11,11,4,373,272,242,122,8.71,3,1722,2.32,7
2151211,2022-07-26-20-30,Warsaw WTA,wta,1. round,clay,1,2,-1,Kateryna Baindl,Ukraine,175,51,28,190,62,14,16,10,11,368,251,129,74,-7.22,4,-,2.66,5,Maryna Zanevska,Belgium,175,59,28,99,62,13,13,8,5,463,264,229,125,-1.1,1,1671,1.53,4
2150735,2022-07-26-20-35,Livesport Prague Open,wta,1. round,hard,1,1,2.18,Oksana Selekhmeteva,Russia,-,-,19,170,150,20,13,5,1,110,54,33,12,-0.7,0,1463,3.18,7,Sorana-Mihaela Cirstea,Romania,176,59,32,35,21,19,16,7,6,507,382,226,172,-2.6,0,-,1.4,5
2148633,2022-07-26-20-35,Livesport Prague Open,wta,1. round,hard,2,2,0.5,Xinyu Wang,China,182,75,20,79,68,14,14,6,7,150,97,92,61,-3.52,0,-,2.76,6,Anastasia Potapova,Russia,175,57,21,59,59,24,16,6,7,149,104,64,51,3.07,0,1709,1.5,6
2148813,2022-07-26-21-30,Warsaw WTA,wta,1. round,clay,1,2,-1,Kristina Mladenovic,France,184,60,29,116,10,7,17,7,10,404,360,106,91,-9.99,0,1602,3.38,4,Anna Bondar,Hungary,-,-,25,52,50,30,19,21,8,335,163,254,108,-3.42,0,1710,1.36,7
