match_id,time_stamp,title,tour,round,surface,winner,predict,prediction_roi,player1_name,player1_country,player1_height,player1_weight,player1_age,player1_current_rank,player1_highest_rank,player1_year_total_win,player1_year_total_lose,player1_year_surface_win,player1_year_surface_lose,player1_career_total_win,player1_career_total_lose,player1_career_surface_win,player1_career_surface_lose,player1_roi,player1_H2H,player1_elo,player1_odds,player1_latest_win,player2_name,player2_country,player2_height,player2_weight,player2_age,player2_current_rank,player2_highest_rank,player2_year_total_win,player2_year_total_lose,player2_year_surface_win,player2_year_surface_lose,player2_career_total_win,player2_career_total_lose,player2_career_surface_win,player2_career_surface_lose,player2_roi,player2_H2H,player2_elo,player2_odds,player2_latest_win,strong_predict
2137145,2022-07-12-20-55,Bastad,atp,1. round,clay,2,1,-1,Emil Ruusuvuori,Finland,188,79,23,43,43,28,19,10,7,223,120,43,41,-4.64,1,1752,1.63,6,Dominic Thiem,Austria,185,79,28,339,3,1,8,1,8,470,241,251,93,-6.49,0,-,2.41,1
2137253,2022-07-12-21-00,Budapest WTA,wta,1. round,clay,2,2,0.54,Reka-Luca Jani,Hungary,161,58,30,129,128,38,20,32,15,582,327,484,238,-0.7,1,-,2.64,7,Elisabetta Cocciaretto,Italy,-,-,21,118,108,26,10,24,7,123,61,98,44,4.17,0,1716,1.54,7
2138747,2022-07-12-22-20,Lausanne,wta,1. round,clay,1,1,0.63,Caroline Garcia,France,177,61,28,48,4,17,12,1,1,397,310,111,78,19.07,1,1786,1.63,8,Jasmine Paolini,Italy,160,60,26,64,44,11,14,3,5,308,219,186,103,-3.72,0,1701,2.41,4
2138683,2022-07-12-23-00,Budapest WTA,wta,1. round,clay,1,2,-1,Despina Papamichail,Greece,-,-,29,195,147,21,23,16,13,496,358,295,202,2.65,0,1479,5.25,7,Dalma Galfi,Hungary,178,68,23,81,81,31,16,12,7,263,170,118,79,1.76,1,1591,1.19,8
2139579,2022-07-12-23-15,Bastad,atp,1. round,clay,2,2,2.68,Holger Rune,Denmark,185,68,19,28,28,27,17,21,8,145,73,101,42,1.69,0,1862,1.32,5,Marc-Andrea Huesler,Switzerland,196,88,26,108,104,26,15,15,3,230,185,85,67,1.92,0,-,3.68,7
2137249,2022-07-12-23-15,Budapest WTA,wta,1. round,clay,1,1,0.38,Yulia Putintseva,Kazakhstan,163,59,27,32,27,17,12,10,5,362,273,135,74,-1.78,2,1836,1.38,6,Anna Schmiedlova Karolina,Slovakia,-,-,27,76,26,16,15,11,9,370,250,194,99,-2.63,1,1668,3.28,6
2138737,2022-07-13-00-00,Lausanne,wta,1. round,clay,2,1,-1,Danielle Collins,USA,178,64,28,7,7,12,7,3,3,204,125,66,32,1.96,0,1916,1.25,5,Simona Waltert,Switzerland,-,-,21,154,154,20,17,16,8,169,105,79,56,-0.13,0,1490,4.41,7
2138753,2022-07-13-00-25,Lausanne,wta,1. round,clay,2,2,0.51,Nuria Parrizas-Diaz,Spain,-,-,30,54,45,17,17,9,7,502,312,133,115,-1.16,0,-,2.73,4,Petra Martic,Croatia,181,63,31,85,14,20,14,8,4,408,289,167,93,7.33,0,1767,1.51,5
2140147,2022-07-13-01-05,Newport,atp,1. round,grass,2,2,0.69,Dominik Koepfer,Germany,180,79,28,136,50,2,6,0,2,240,167,19,14,-3.72,0,1664,2.29,2,Christopher Eubanks,USA,201,82,26,163,147,17,13,3,1,160,135,8,11,0.64,0,1564,1.69,6
2137243,2022-07-13-01-05,Budapest WTA,wta,1. round,clay,1,1,0.41,Ana Bogdan,Romania,171,59,29,108,59,17,9,7,4,376,236,157,94,0.2,2,1683,1.41,5,Panna Udvardy,Hungary,-,-,23,94,81,13,23,9,14,259,183,207,131,-10.52,0,1453,3.13,4
2140145,2022-07-13-01-10,Newport,atp,1. round,grass,1,1,0.17,Benjamin Bonzi,France,185,76,26,48,47,28,15,6,3,376,214,16,6,-0.23,0,1778,1.17,6,William Blumberg,USA,188,84,24,773,438,6,2,2,0,27,29,3,3,6.21,0,-,5.71,6
2138099,2022-07-13-01-10,Newport,atp,1. round,grass,1,1,0.36,Jiri Vesely,Czech Republic,198,94,29,69,35,18,16,4,3,430,297,30,21,12.6,0,1672,1.36,4,Feliciano Lopez,Spain,188,88,40,252,12,1,12,1,4,623,583,91,52,-11.51,1,1622,3.41,1
2140625,2022-07-13-01-20,Bastad,atp,1. round,clay,1,1,0.35,Sebastian Baez,Argentina,170,70,21,34,34,30,20,22,11,190,83,159,64,-1.54,0,1878,1.35,4,Fabio Fognini,Italy,178,79,35,64,9,14,13,11,9,625,474,404,244,-3.48,0,1806,3.44,3
2138673,2022-07-13-01-20,Budapest WTA,wta,1. round,clay,2,2,2.95,Rebecca Peterson,Sweden,173,65,26,92,43,16,10,8,5,316,189,112,74,-0.02,0,1679,1.29,6,Laura Pigossi,Brazil,-,-,27,125,122,17,16,13,8,330,266,217,169,3.18,0,1490,3.95,4
2140141,2022-07-13-02-45,Newport,atp,1. round,grass,2,1,-1,Liam Broady,Great Britain,183,78,28,140,116,24,17,8,5,464,326,32,49,1.69,0,1596,1.78,6,James Duckworth,Australia,183,82,30,74,46,5,11,2,5,384,246,32,31,-7.63,1,1624,2.15,5
2138095,2022-07-13-02-50,Newport,atp,1. round,grass,1,2,-1,Max Purcell,Australia,185,75,24,202,156,18,18,7,3,209,158,16,12,-5.44,0,1533,2.93,7,Adrian Mannarino,France,180,79,34,82,22,15,19,4,4,628,492,81,54,3.35,1,1704,1.45,4
2138091,2022-07-13-03-10,Newport,atp,1. round,grass,1,1,0.88,Quentin Halys,France,191,78,25,86,82,42,17,5,4,335,259,13,12,5.62,2,1668,1.88,5,Alexei Popyrin,Australia,196,78,22,85,59,18,22,7,7,205,164,14,14,-8.28,2,1657,2.01,4
2138757,2022-07-13-03-15,Lausanne,wta,1. round,clay,2,2,0.25,Diane Parry,France,-,-,19,77,77,14,16,5,7,126,91,99,61,-2.24,0,1561,4.32,6,Belinda Bencic,Switzerland,175,63,25,13,4,26,12,11,3,368,194,78,43,0.6,0,1945,1.25,6
2138097,2022-07-13-05-00,Newport,atp,1. round,grass,2,2,0.38,Sam Querrey,USA,198,95,34,281,11,8,12,6,5,500,392,83,51,-2.34,2,1697,3.27,6,Andy Murray,Great Britain,190,83,35,52,1,20,11,8,3,826,278,116,35,0.85,8,1838,1.38,7
2140143,2022-07-13-04-50,Newport,atp,1. round,grass,1,2,-1,Mitchell Krueger,USA,188,82,28,146,144,20,15,3,1,370,314,7,13,0.51,0,1525,6.62,5,Tim Van Rijthoven,Netherlands,188,89,25,103,103,30,14,8,2,230,130,8,2,14.9,1,1715,1.14,8
2140105,2022-07-13-19-00,Lausanne,wta,1. round,clay,1,1,1.06,Leolia Jeanjean,France,-,-,26,155,143,35,14,12,6,140,69,71,34,15.99,0,1513,2.06,7,Tatiana Maria,Germany,172,62,34,98,46,39,18,15,6,659,478,254,190,15.51,0,-,1.83,7
2140505,2022-07-13-19-10,Bastad,atp,round of 16,clay,2,2,0.48,Albert Ramos-Vinolas,Spain,188,76,34,38,17,16,17,16,13,702,533,572,349,-6.44,1,-,2.87,3,Pablo Carreno-Busta,Spain,188,78,31,18,10,19,15,8,7,577,314,369,177,-2.22,4,-,1.48,4
2137255,2022-07-13-19-10,Budapest WTA,wta,1. round,clay,1,2,-1,Katerina Siniakova,Czech Republic,174,69,26,93,31,8,12,2,2,315,226,127,73,-3.39,0,1805,3.1,4,Anhelina Kalinina,Ukraine,179,70,25,39,34,18,13,8,4,311,159,165,64,6.2,1,1824,1.41,5
2137247,2022-07-13-19-10,Budapest WTA,wta,1. round,clay,2,2,0.32,Ekaterine Gorgodze,Georgia,-,-,30,112,108,19,20,14,13,526,374,391,236,-5.1,0,1512,3.65,3,Shuai Zhang,China,177,66,33,37,23,21,17,2,6,549,388,86,89,5.21,0,1690,1.32,7
2140511,2022-07-13-20-00,Lausanne,wta,round of 16,clay,2,1,-1,Irina Begu,Romania,181,67,31,49,22,18,12,8,3,483,326,277,134,3.85,0,-,1.51,7,Anastasia Potapova,Russia,175,57,21,79,64,19,14,13,5,144,102,51,28,0.07,0,1688,2.77,4
2137241,2022-07-13-20-30,Budapest WTA,wta,1. round,clay,2,1,-1,Barbora Krejcikova,Czech Republic,178,62,26,17,2,11,7,0,1,377,196,255,94,-0.73,1,1794,1.28,4,Xiyu Wang,China,181,66,21,102,100,28,15,21,8,146,93,50,26,-2.08,1,1665,4.0,6
