match_id,time_stamp,title,tour,round,surface,winner,predict,prediction_roi,player1_name,player1_country,player1_height,player1_weight,player1_age,player1_current_rank,player1_highest_rank,player1_year_total_win,player1_year_total_lose,player1_year_surface_win,player1_year_surface_lose,player1_career_total_win,player1_career_total_lose,player1_career_surface_win,player1_career_surface_lose,player1_roi,player1_H2H,player1_elo,player1_odds,player1_latest_win,player2_name,player2_country,player2_height,player2_weight,player2_age,player2_current_rank,player2_highest_rank,player2_year_total_win,player2_year_total_lose,player2_year_surface_win,player2_year_surface_lose,player2_career_total_win,player2_career_total_lose,player2_career_surface_win,player2_career_surface_lose,player2_roi,player2_H2H,player2_elo,player2_odds,player2_latest_win,strong_predict
2092709,2022-05-16-19-05,Strasbourg,wta,1. round,clay,2,2,1.55,Ana Konjuh,Croatia,174,65,24,66,20,8,12,1,4,220,141,73,39,-3.93,0,1692,1.57,2,Oceane Dodin,France,183,59,25,94,46,11,13,5,3,335,210,67,58,-1.95,1,1608,2.55,5
2093289,2022-05-16-21-30,Rabat,wta,1. round,clay,2,2,0.13,Ulrikke Eikeri,Norway,-,-,29,275,206,6,10,3,2,414,261,248,147,4.97,0,1373,6.75,3,Dalma Galfi,Hungary,178,68,23,98,91,18,11,5,3,250,165,111,75,-0.81,0,1605,1.13,5
2093785,2022-05-16-21-45,Lyon,atp,1. round,clay,2,1,-1,Pedro Martinez,Spain,185,76,25,43,40,13,11,8,7,381,211,316,155,-0.23,0,1770,1.15,4,Yosuke Watanuki,Japan,180,63,24,263,171,16,12,4,3,156,108,9,19,2.32,0,1547,6.14,5
2094069,2022-05-16-21-50,Rabat,wta,1. round,clay,1,1,0.04,Garbine Muguruza,Spain,182,73,28,10,1,6,7,1,2,463,237,158,81,-4.11,0,1948,1.04,4,Anna Danilina,Kazakhstan,-,-,26,343,269,4,7,3,3,162,151,97,73,-1.41,0,1315,15.38,3
2092529,2022-05-16-22-05,Lyon,atp,1. round,clay,1,1,0.21,Alex Molcan,Slovakia,178,73,24,47,46,13,11,7,5,224,130,139,75,0.94,0,1772,1.21,5,Jo-Wilfried Tsonga,France,188,93,37,267,5,3,8,0,2,687,325,97,69,-3.76,0,1723,4.95,2
2092511,2022-05-16-22-20,Geneva,atp,1. round,clay,1,2,-1,Federico Delbonis,Argentina,193,90,31,62,33,7,14,5,9,535,372,447,237,-7.18,3,1699,1.29,1,Ricardas Berankis,Lithuania,175,77,31,101,50,14,5,0,0,565,356,83,69,3.42,1,1707,3.9,8
2094071,2022-05-16-22-35,Rabat,wta,1. round,clay,2,2,0.12,Xiaodi You,China,-,-,26,295,168,11,15,5,8,217,179,29,29,-3.86,0,1349,7.4,6,Martina Trevisan,Italy,-,-,28,85,66,10,10,3,4,283,163,221,101,-5.35,0,1630,1.12,4
2093769,2022-05-16-22-40,Strasbourg,wta,1. round,clay,1,2,-1,Nefisa Berberovic,Bosnia and Herzeg.,-,-,22,306,304,3,7,0,2,181,95,111,58,-3.29,0,-,9.48,3,A. Stephens Sloane,USA,170,61,29,53,3,6,6,0,3,347,246,109,63,-1.64,0,1780,1.08,5
2093777,2022-05-16-22-50,Strasbourg,wta,1. round,clay,2,1,-1,Katharina Hobgarski,Germany,171,56,24,292,193,9,8,9,5,246,142,199,98,-1.4,0,-,4.61,5,Heather Watson,Great Britain,170,64,29,105,38,12,12,3,4,381,299,59,46,-2.04,0,1584,1.22,5
2092695,2022-05-16-23-00,Strasbourg,wta,1. round,clay,1,2,-1,Karolina Pliskova,Czech Republic,186,72,30,8,1,2,6,2,4,617,338,159,111,-3.45,0,1910,1.91,3,Marta Kostyuk,Ukraine,171,60,19,59,49,13,9,3,2,147,78,64,26,-2.69,0,1792,1.98,5
2092501,2022-05-17-00-10,Geneva,atp,1. round,clay,1,1,0.63,Richard Gasquet,France,183,79,35,75,7,11,11,5,5,732,409,225,110,3.71,0,1745,1.63,5,John Millman,Australia,183,79,32,93,33,9,13,3,4,453,310,97,79,-3.79,1,1678,2.41,4
2093305,2022-05-17-00-15,Rabat,wta,1. round,clay,1,1,0.29,Kristina Kucova,Slovakia,163,59,31,87,71,5,11,1,2,460,352,268,157,-5.24,0,1569,1.29,3,Catherine Harrison,USA,-,-,28,265,247,16,13,7,7,170,122,31,29,-6.9,1,1326,3.91,5
2093767,2022-05-17-00-20,Strasbourg,wta,1. round,clay,1,1,0.06,Kaja Juvan,Slovenia,170,58,21,81,78,19,9,3,2,177,86,101,36,3.6,0,1725,1.06,7,Lina Glushko,Israel,-,-,22,291,290,14,11,4,3,149,84,22,19,3.48,0,1465,12.28,5
2093781,2022-05-17-00-55,Lyon,atp,1. round,clay,2,1,-1,Martin Etcheverry Tomas,Argentina,196,82,22,90,90,26,12,23,10,250,124,224,106,0.73,2,-,4.07,7,Sebastian Baez,Argentina,170,70,21,38,37,25,14,19,7,185,77,156,60,-0.1,2,1860,1.28,8
2093771,2022-05-17-00-55,Strasbourg,wta,1. round,clay,1,1,0.08,Viktorija Golubic,Switzerland,169,56,29,60,35,8,11,0,3,426,261,181,110,-5.26,0,1701,1.08,4,Yana Morderger,Germany,-,-,25,379,370,7,7,5,5,249,239,171,165,-3.56,0,1268,9.81,5
2092703,2022-05-17-01-15,Strasbourg,wta,1. round,clay,1,1,0.07,Elise Mertens,Belgium,179,67,26,33,12,9,8,0,1,375,205,87,55,-2.46,0,1857,1.07,4,Carole Monnet,France,-,-,20,249,249,15,15,7,7,177,103,62,45,-1.23,0,1238,11.09,4
2093789,2022-05-17-01-30,Lyon,atp,1. round,clay,1,1,0.13,Karen Khachanov,Russia,198,87,25,24,8,14,12,3,4,337,235,80,61,-3.01,2,1824,1.13,4,Gilles Simon,France,183,70,37,159,6,12,14,2,4,760,544,222,164,-2.89,1,1546,6.9,3
2093823,2022-05-17-02-00,Geneva,atp,1. round,clay,2,1,-1,Dominic Thiem,Austria,185,79,28,194,3,0,5,0,5,469,238,250,90,-4.0,2,-,1.41,1,Marco Cecchinato,Italy,185,78,29,134,16,2,11,2,8,481,336,418,235,-8.36,1,1588,3.11,2
2093779,2022-05-17-02-25,Strasbourg,wta,1. round,clay,2,2,0.03,Julie Gervais,France,-,-,30,725,374,2,0,2,0,158,105,55,46,7.09,0,-,17.81,6,Aliaksandra Sasnovich,Belarus,174,60,28,45,30,20,9,5,3,367,235,100,73,3.98,0,1742,1.03,6
2094073,2022-05-17-02-40,Rabat,wta,1. round,clay,1,1,0.09,Nuria Parrizas-Diaz,Spain,-,-,30,48,45,12,11,4,4,497,306,128,112,2.99,1,-,1.09,5,Carol Zhao,Canada,-,-,26,337,131,13,9,5,4,196,167,57,35,-0.25,0,1346,8.95,6
2092715,2022-05-17-03-20,Strasbourg,wta,1. round,clay,2,2,0.42,Diane Parry,France,-,-,19,96,96,7,11,3,4,119,86,97,58,-7.84,0,1505,3.08,3,Angelique Kerber,Germany,173,68,34,22,1,2,8,0,2,690,369,131,91,-5.11,0,1853,1.42,2
2092515,2022-05-17-04-00,Geneva,atp,1. round,clay,1,1,1.97,Benoit Paire,France,196,80,33,67,18,5,15,2,8,549,461,253,185,-2.62,0,1621,2.97,3,Emil Ruusuvuori,Finland,188,79,23,61,59,20,13,8,5,215,114,41,39,-3.15,2,1785,1.44,5
2095531,2022-05-17-19-05,Lyon,atp,round of 16,clay,1,1,2.11,Yosuke Watanuki,Japan,180,63,24,263,171,17,12,5,3,157,108,10,19,6.57,2,1547,3.11,5,Woo Kwon Soon,South Korea,180,72,24,71,52,14,14,5,5,255,160,14,18,-3.17,1,-,1.42,5
2092531,2022-05-17-19-10,Lyon,atp,1. round,clay,2,1,-1,Daniel Altmaier,Germany,191,88,23,54,54,17,14,8,3,336,185,166,98,-1.87,1,1670,1.81,7,Federico Coria,Argentina,180,73,30,59,52,11,12,9,9,537,334,523,301,-4.01,0,1701,2.1,5
2093775,2022-05-17-19-10,Strasbourg,wta,1. round,clay,1,2,-1,(1996) Makarova Ekaterina,Russia,-,-,26,348,341,19,13,10,4,138,99,71,53,-0.32,0,-,14.41,7,Sorana-Mihaela Cirstea,Romania,176,59,32,27,21,14,11,3,3,502,377,186,115,-1.25,0,-,1.04,5
2092697,2022-05-17-19-10,Strasbourg,wta,1. round,clay,1,2,-1,Bernarda Pera,USA,175,80,27,122,59,10,8,6,2,363,210,230,92,0.86,0,1670,1.9,6,Gabriela Ruse Elena,Romania,172,-,24,52,52,12,9,2,3,240,135,145,76,3.17,1,-,1.99,4
2092507,2022-05-17-20-00,Geneva,atp,1. round,clay,2,2,1.54,Pablo Andujar,Spain,180,80,36,83,32,10,11,7,7,575,479,490,314,-2.52,1,1685,1.57,4,Joao Sousa,Portugal,185,74,33,79,28,15,16,3,6,569,476,299,232,2.45,1,1581,2.54,3
2093825,2022-05-17-20-00,Geneva,atp,1. round,clay,2,1,-1,Facundo Bagnis,Argentina,183,82,32,98,55,14,13,11,7,590,406,556,346,2.32,0,1660,2.28,7,Nikoloz Basilashvili,Georgia,185,79,30,25,16,6,15,3,5,448,369,162,121,-6.0,1,1762,1.69,3
2093301,2022-05-17-20-00,Rabat,wta,1. round,clay,2,2,0.25,Kamilla Rakhimova,Russia,-,-,20,104,95,11,13,5,6,126,76,47,29,-1.43,0,1542,4.32,4,Claire Liu,USA,-,-,21,92,83,16,9,9,2,185,115,72,30,1.27,0,1667,1.25,8
2093773,2022-05-17-20-40,Strasbourg,wta,1. round,clay,2,2,0.05,Angelina Gabueva,Russia,-,-,33,594,423,7,7,2,3,341,366,89,118,0.98,0,-,12.42,4,Fiona Ferro,France,170,56,25,139,39,5,10,4,6,253,206,162,105,-7.76,0,1614,1.05,4
