match_id,time_stamp,title,tour,round,surface,winner,predict,prediction_roi,player1_name,player1_country,player1_height,player1_weight,player1_age,player1_current_rank,player1_highest_rank,player1_year_total_win,player1_year_total_lose,player1_year_surface_win,player1_year_surface_lose,player1_career_total_win,player1_career_total_lose,player1_career_surface_win,player1_career_surface_lose,player1_roi,player1_H2H,player1_elo,player1_odds,player1_latest_win,player2_name,player2_country,player2_height,player2_weight,player2_age,player2_current_rank,player2_highest_rank,player2_year_total_win,player2_year_total_lose,player2_year_surface_win,player2_year_surface_lose,player2_career_total_win,player2_career_total_lose,player2_career_surface_win,player2_career_surface_lose,player2_roi,player2_H2H,player2_elo,player2_odds,player2_latest_win,strong_predict
2067771,2022-04-06-21-05,Marrakech,atp,1. round,clay,2,2,2.95,Kamil Majchrzak,Poland,180,78,26,76,75,10,7,0,0,346,195,211,108,-1.5,1,1737,1.29,4,Mirza Basic,Bosnia and Herzeg.,188,88,30,215,74,7,7,2,0,482,325,166,103,2.26,1,1466,3.95,6
2067773,2022-04-06-21-05,Marrakech,atp,1. round,clay,1,1,2.16,Pavel Kotov,Russia,191,86,23,172,168,11,5,2,0,190,116,74,51,3.16,1,1560,3.16,6,Tallon Griekspoor,Netherlands,188,85,25,56,54,5,6,0,0,314,172,153,82,-2.19,0,1833,1.4,3
2067775,2022-04-06-21-10,Marrakech,atp,1. round,clay,1,2,-1,David Goffin,Belgium,180,70,31,74,7,8,10,0,0,573,316,179,88,-2.37,1,1765,1.53,6,Damir Dzumhur,Bosnia and Herzeg.,175,68,29,145,23,14,10,2,0,496,329,269,145,1.5,0,1586,2.68,5
2067622,2022-04-07-00-00,Charleston,wta,2. round,clay,1,1,0.07,Madison Keys,USA,178,66,27,24,7,14,6,0,0,322,179,67,39,3.86,0,1878,1.07,5,Ulrikke Eikeri,Norway,-,-,29,283,206,6,5,3,0,414,256,248,145,9.97,0,1340,10.92,5
2067947,2022-04-07-00-00,Charleston,wta,2. round,clay,1,2,-1,Yulia Putintseva,Kazakhstan,163,59,27,46,27,6,5,1,0,351,266,126,69,-1.96,0,1796,2.73,6,Amanda Anisimova,USA,180,59,20,47,21,11,5,1,0,125,71,36,17,3.08,0,1845,1.51,5
2067927,2022-04-07-00-00,Charleston,wta,2. round,clay,1,2,-1,Coco Vandeweghe,USA,185,70,30,168,9,5,4,2,1,331,279,39,43,0.48,0,1643,3.38,5,Lauren Davis,USA,157,55,28,82,26,9,6,1,0,332,237,76,46,1.14,3,1651,1.36,5
2067823,2022-04-07-00-00,Charleston,wta,2. round,clay,1,2,-1,Alize Cornet,France,173,60,32,34,11,6,8,1,0,533,418,216,132,4.93,0,1746,1.47,4,Hailey Baptiste,USA,-,-,20,124,119,13,8,1,0,107,68,43,21,5.87,0,1575,2.85,5
2067933,2022-04-07-01-10,Bogotá WTA,wta,round of 16,clay,2,1,-1,Yuliana Lizarazo,Colombia,-,-,28,537,335,8,5,3,2,291,185,204,124,6.84,0,-,3.22,6,Mirjam Bjorklund,Sweden,-,-,23,183,183,6,5,1,0,163,102,106,55,-0.25,0,1363,1.4,6
2067811,2022-04-07-01-40,Marrakech,atp,round of 16,clay,2,2,0.12,Malek Jaziri,Tunis,185,81,38,329,42,6,8,1,1,640,509,250,196,3.6,1,1402,7.71,4,Laslo Djere,Serbia,188,82,26,55,27,4,7,1,2,326,221,264,125,-1.53,3,1713,1.12,3
2067917,2022-04-07-02-40,Bogotá WTA,wta,round of 16,clay,2,1,-1,Ekaterine Gorgodze,Georgia,-,-,30,120,120,7,8,2,2,514,362,379,225,-0.74,1,1475,2.04,5,Laura Pigossi,Brazil,-,-,27,212,185,8,8,6,2,321,258,210,163,-1.68,1,1283,1.87,7
2067927,2022-04-07-00-20,Charleston,wta,2. round,clay,1,2,-1,Coco Vandeweghe,USA,185,70,30,168,9,5,4,2,1,331,279,39,43,0.48,0,1643,3.65,5,Lauren Davis,USA,157,55,28,82,26,9,6,1,0,332,237,76,46,1.14,3,1651,1.32,5
2067402,2022-04-07-03-05,Bogotá WTA,wta,round of 16,clay,1,1,2.2,Tatiana Maria,Germany,172,62,34,237,46,17,7,3,0,637,467,242,184,6.9,1,-,3.2,6,Rebecca Peterson,Sweden,173,65,26,80,43,9,4,1,0,309,183,105,69,2.87,0,1732,1.4,7
2067222,2022-04-07-03-45,Charleston,wta,2. round,clay,1,1,1.99,Anhelina Kalinina,Ukraine,179,70,25,42,42,6,5,1,0,299,151,158,60,2.79,0,1730,2.99,6,Elena Rybakina,Kazakhstan,184,73,22,18,12,11,5,0,0,214,103,55,27,-1.52,0,1903,1.43,5
2067931,2022-04-07-04-05,Bogotá WTA,wta,round of 16,clay,2,2,0.76,Lucrezia Stefanini,Italy,-,-,23,159,157,7,7,1,2,227,173,143,120,-0.41,0,1377,2.2,6,Elina Avanesyan,Russia,-,-,19,170,170,12,7,5,4,97,48,79,35,4.37,0,1572,1.76,5
2067963,2022-04-07-04-30,Charleston,wta,2. round,clay,2,1,-1,Qinwen Zheng,China,-,-,19,72,72,17,6,1,0,117,45,45,13,3.19,0,1745,1.74,6,Ekaterina Alexandrova,Russia,180,66,27,54,25,5,6,1,0,386,226,156,95,-2.76,0,1758,2.21,5
2067981,2022-04-07-04-35,Bogotá WTA,wta,round of 16,clay,1,1,0.4,Dayana Yastremska,Ukraine,175,67,21,102,21,12,7,1,0,168,104,57,28,6.47,1,1794,1.4,6,Sara Errani,Italy,164,58,34,145,5,4,7,1,1,615,437,331,183,-1.66,0,1599,3.2,4
2067949,2022-04-07-04-40,Charleston,wta,2. round,clay,1,2,-1,Aryna Sabalenka,Belarus,182,80,23,5,2,6,7,0,0,285,146,44,34,-2.96,4,1931,1.4,5,Alison Riske,USA,175,66,31,43,18,10,7,1,0,405,323,55,73,3.57,0,1714,3.2,6
2067941,2022-04-07-05-00,Houston,atp,round of 16,clay,1,2,-1,Michael Mmoh,USA,188,90,24,226,96,13,9,1,1,229,159,20,24,-2.21,0,1561,2.61,5,Sam Querrey,USA,198,95,34,114,11,2,5,1,0,494,385,66,65,0.8,0,1695,1.56,2
2067422,2022-04-07-05-05,Charleston,wta,2. round,clay,2,2,0.3,Jasmine Paolini,Italy,160,60,26,48,44,8,8,1,0,305,213,184,98,-0.5,0,1734,3.81,5,Jessica Pegula,USA,170,70,28,13,13,11,7,0,0,331,207,96,66,1.84,3,1834,1.3,6
2067921,2022-04-07-06-35,Charleston,wta,2. round,clay,2,1,-1,Linda Fruhvirtova,Czech Republic,-,-,16,188,188,10,4,1,0,59,36,16,17,8.97,0,1380,3.6,7,Belinda Bencic,Switzerland,175,63,25,21,4,10,6,1,0,352,188,68,40,-1.68,0,1853,1.33,6
2067424,2022-04-07-06-10,Charleston,wta,2. round,clay,2,1,-1,Shuai Zhang,China,177,66,33,41,23,12,8,1,0,540,379,85,83,8.42,1,1687,1.83,8,Claire Liu,USA,-,-,21,89,87,8,7,1,0,177,113,64,28,-1.9,0,1645,2.07,4
2067987,2022-04-07-06-45,Houston,atp,round of 16,clay,1,2,-1,Nick Kyrgios,Australia,193,85,26,94,13,8,3,1,0,265,148,38,25,3.22,0,1773,1.66,8,Tommy Paul,USA,185,82,24,34,34,15,7,1,0,320,192,109,53,4.25,0,1833,2.37,7
2067226,2022-04-07-06-50,Charleston,wta,2. round,clay,2,2,0.09,Anna Bondar,Hungary,-,-,24,73,73,8,8,1,0,313,152,234,100,0.32,0,1640,8.88,5,Paula Badosa,Spain,180,72,24,3,3,16,6,0,0,302,160,142,75,0.89,0,1999,1.09,7
2067430,2022-04-07-07-00,Charleston,wta,2. round,clay,1,1,0.35,Kaia Kanepi,Estonia,181,74,36,57,15,10,4,1,0,549,314,222,115,6.07,0,1771,1.35,7,Magdalena Frech,Poland,-,-,24,87,87,9,9,1,0,339,210,142,89,-2.88,0,1659,3.47,5
2068405,2022-04-07-07-25,Charleston,wta,2. round,clay,1,1,0.51,Irina Begu,Romania,181,67,31,66,22,9,7,1,0,474,321,270,131,4.59,2,-,1.51,5,Ajla Tomljanovic,Australia,180,67,28,39,38,6,8,1,0,355,273,114,75,-4.52,1,1754,2.68,4
2067929,2022-04-07-08-20,Charleston,wta,2. round,clay,1,1,0.08,Ons Jabeur,Tunis,167,66,27,10,7,8,5,0,0,374,210,114,53,-0.31,0,1934,1.08,6,Emma Navarro,USA,-,-,20,201,194,4,3,1,0,59,52,38,28,2.56,0,1448,9.72,7
2067943,2022-04-07-09-00,Houston,atp,round of 16,clay,1,2,-1,Reilly Opelka,USA,211,102,24,18,17,13,6,0,0,212,161,64,46,2.28,2,1854,1.41,7,Mitchell Krueger,USA,188,82,28,161,147,14,9,3,0,364,308,108,78,4.61,1,1472,3.15,7
2067971,2022-04-07-11-20,Houston,atp,round of 16,clay,1,1,2.61,Gijs Brouwer,Netherlands,191,72,26,361,339,16,8,3,0,250,163,99,72,3.52,0,1334,3.61,7,John Wolf Jeffrey,USA,183,79,23,157,120,16,10,1,0,110,68,2,4,2.3,1,-,1.34,7
2068293,2022-04-07-21-00,Marrakech,atp,round of 16,clay,1,2,-1,Federico Coria,Argentina,180,73,30,60,60,7,7,5,4,533,329,519,296,-0.65,1,1695,1.32,5,Mirza Basic,Bosnia and Herzeg.,188,88,30,215,74,8,7,3,0,483,325,167,103,5.43,0,1466,3.78,6
