match_id,time_stamp,title,tour,round,surface,winner,predict,prediction_roi,player1_name,player1_country,player1_height,player1_weight,player1_age,player1_current_rank,player1_highest_rank,player1_year_total_win,player1_year_total_lose,player1_year_surface_win,player1_year_surface_lose,player1_career_total_win,player1_career_total_lose,player1_career_surface_win,player1_career_surface_lose,player1_roi,player1_H2H,player1_elo,player1_odds,player1_latest_win,player2_name,player2_country,player2_height,player2_weight,player2_age,player2_current_rank,player2_highest_rank,player2_year_total_win,player2_year_total_lose,player2_year_surface_win,player2_year_surface_lose,player2_career_total_win,player2_career_total_lose,player2_career_surface_win,player2_career_surface_lose,player2_roi,player2_H2H,player2_elo,player2_odds,player2_latest_win,strong_predict
2030994,2022-02-08-19-10,Rotterdam,atp,1. round,indoors,2,1,-1,Aslan Karatsev,Russia,185,-,28,14,14,6,2,0,0,405,250,94,70,3.03,1,-,1.72,6,Tallon Griekspoor,Netherlands,188,85,25,62,62,3,2,0,1,312,168,41,32,0.53,1,-,2.24,6
2032376,2022-02-08-21-40,Rotterdam,atp,1. round,indoors,2,2,0.17,Henri Laaksonen,Switzerland,185,78,29,85,85,4,5,2,2,439,346,131,93,-1.86,0,-,5.84,4,Andrey Rublev,Russia,188,70,24,7,5,2,1,0,0,342,194,96,55,0.1,0,-,1.17,8
2030990,2022-02-08-21-05,Rotterdam,atp,1. round,indoors,1,1,0.39,Karen Khachanov,Russia,198,87,25,28,8,6,3,0,0,329,226,98,68,0.24,1,-,1.39,6,Alexei Popyrin,Australia,196,78,22,66,59,1,4,0,1,188,146,33,25,-2.47,0,-,3.23,3
2031116,2022-02-08-22-15,Saint Petersburg WTA,wta,1. round,indoors,1,2,-1,Tereza Martincova,Czech Republic,179,64,27,42,42,2,3,0,0,406,306,112,77,-0.42,0,-,2.24,4,Vera Zvonareva,Russia,172,59,37,82,2,1,2,0,0,563,289,89,57,-0.24,0,-,1.72,5
2031128,2022-02-08-21-45,Saint Petersburg WTA,wta,1. round,indoors,2,2,2.18,Marketa Vondrousova,Czech Republic,172,59,22,38,14,3,2,0,0,213,91,49,9,0.12,1,-,1.4,6,Sorana-Mihaela Cirstea,Romania,176,59,31,31,21,4,3,0,0,492,369,46,49,2.1,0,-,3.18,5
2031120,2022-02-08-20-45,Saint Petersburg WTA,wta,1. round,indoors,1,2,-1,Jelena Ostapenko,Latvia,177,68,24,25,5,2,2,0,0,298,184,79,34,-0.13,0,-,1.31,6,Xinyu Wang,China,182,75,20,86,86,2,3,0,0,138,86,24,11,0.74,0,-,3.75,5
2033010,2022-02-08-19-45,Saint Petersburg WTA,wta,1. round,indoors,1,2,-1,Andrea Petkovic,Germany,180,69,34,65,9,2,2,0,0,534,367,89,67,1.29,0,-,2.92,4,Rebecca Peterson,Sweden,173,65,26,74,43,8,3,3,0,308,182,43,19,3.81,0,-,1.46,7
2032652,2022-02-09-01-30,Buenos Aires,atp,1. round,clay,1,2,-1,Roberto Carballes Baena,Spain,183,77,28,78,71,2,5,1,1,492,327,442,262,-2.32,3,1668,1.78,3,Nicolas Jarry,Chile,198,90,26,145,38,4,1,4,1,307,206,240,128,2.54,3,1638,2.15,7
2031108,2022-02-09-00-30,Saint Petersburg WTA,wta,1. round,indoors,1,1,0.25,Maria Sakkari,Greece,172,62,26,7,6,4,2,0,0,383,253,16,16,-0.17,1,-,1.25,6,Anastasia Potapova,Russia,175,57,20,75,64,4,3,0,0,129,91,22,15,-0.28,1,-,4.43,4
2031112,2022-02-09-00-20,Saint Petersburg WTA,wta,1. round,indoors,2,1,-1,Kamilla Rakhimova,Russia,-,-,20,104,104,6,2,0,0,121,65,30,18,3.95,0,-,1.76,6,Petra Martic,Croatia,181,63,31,70,14,0,2,0,0,388,277,53,42,-1.0,0,-,2.18,2
2030976,2022-02-09-03-30,Rotterdam,atp,1. round,indoors,1,1,0.24,Stefanos Tsitsipas,Greece,193,89,23,4,3,6,2,0,0,383,185,62,36,1.34,1,-,1.24,6,Alejandro Davidovich Fokina,Spain,183,80,22,46,32,1,3,0,1,198,131,22,23,-1.75,0,-,4.52,4
2032654,2022-02-09-01-35,Buenos Aires,atp,1. round,clay,1,2,-1,Jaume Munar,Spain,183,76,24,90,52,4,4,1,1,303,203,245,131,1.58,0,1659,1.71,5,Martin Etcheverry Tomas,Argentina,196,82,22,127,127,6,4,3,2,230,116,204,98,2.11,0,-,2.25,6
2033772,2022-02-09-04-40,Dallas,atp,1. round,indoors,1,1,0.53,Liam Broady,Great Britain,183,78,28,121,121,6,2,3,1,446,311,128,78,4.4,0,-,1.53,7,Peter Gojowczyk,Germany,188,83,32,97,39,0,3,0,1,591,441,192,127,-2.0,0,-,2.64,1
2031754,2022-02-09-03-10,Dallas,atp,1. round,indoors,2,2,0.44,Feliciano Lopez,Spain,188,88,40,102,12,0,2,0,1,622,573,79,98,-1.0,0,-,3.0,6,Jordan Thompson,Australia,183,82,27,83,43,2,3,0,0,364,242,27,19,0.1,3,-,1.44,4
2031750,2022-02-09-03-10,Dallas,atp,1. round,indoors,2,1,-1,Tennys Sandgren,USA,188,88,30,163,41,1,2,1,2,406,288,61,45,-0.4,2,-,2.37,4,Marcos Giron,USA,180,77,28,70,56,0,3,0,0,354,210,50,36,-2.0,0,-,1.65,6
2033012,2022-02-09-03-15,Saint Petersburg WTA,wta,1. round,indoors,1,1,1.62,Kaja Juvan,Slovenia,170,58,21,102,86,5,3,3,0,163,80,8,9,3.05,0,-,2.62,5,Alison Van Uytvanck,Belgium,173,63,27,52,37,2,3,0,0,360,243,131,51,-1.67,0,-,1.54,7
2031538,2022-02-09-03-30,Buenos Aires,atp,1. round,clay,1,1,0.63,Sebastian Baez,Argentina,170,70,21,74,74,7,5,2,1,167,68,139,54,0.35,1,1815,1.63,6,Holger Rune,Denmark,185,68,18,88,88,2,4,0,1,120,60,80,35,-2.51,1,1753,2.41,4
2031536,2022-02-09-03-30,Buenos Aires,atp,1. round,clay,2,1,-1,Albert Ramos-Vinolas,Spain,188,76,34,32,17,5,1,5,0,691,517,561,336,3.46,4,-,1.85,5,Moura Monteiro Thiago,Brazil,183,78,27,104,74,4,5,0,1,403,296,322,217,2.15,1,1671,2.04,4
2032370,2022-02-09-06-40,Rotterdam,atp,1. round,indoors,2,1,-1,Bernabe Zapata Miralles,Spain,183,82,25,129,110,3,3,2,0,355,244,39,42,1.72,1,-,4.45,4,Van De Zandschulp,Netherlands,188,83,26,51,50,4,3,0,0,285,142,99,34,0.11,1,-,1.24,7
2031530,2022-02-09-05-15,Buenos Aires,atp,1. round,clay,2,1,-1,Alejandro Tabilo,Chile,188,75,24,112,112,10,4,6,1,285,183,174,106,4.6,0,1651,2.53,8,Pedro Martinez,Spain,185,76,24,61,58,3,3,1,1,371,203,309,149,0.59,0,1756,1.58,4
2031748,2022-02-09-06-30,Dallas,atp,1. round,indoors,2,2,1.26,Oscar Otte,Germany,193,79,28,84,84,2,3,0,0,430,237,139,81,-1.44,0,-,1.7,6,Jack Sock,USA,191,88,29,147,8,3,1,3,1,306,235,60,42,0.76,0,-,2.26,6
2033776,2022-02-09-06-00,Dallas,atp,1. round,indoors,1,1,0.92,Cedrik-Marcel Stebe,Germany,183,70,31,231,71,11,3,11,3,372,223,75,45,4.43,1,-,1.92,7,Denis Kudla,USA,180,79,29,105,53,2,4,0,0,455,335,85,53,-0.81,1,-,1.97,3
2033774,2022-02-09-04-55,Dallas,atp,1. round,indoors,2,1,-1,Maxime Cressy,USA,201,88,24,59,59,11,3,0,0,178,107,66,28,6.54,0,-,1.28,7,Jurij Rodionov,Austria,191,86,22,153,131,7,4,6,2,178,134,60,39,0.54,0,-,4.01,7
2031118,2022-02-09-05-25,Saint Petersburg WTA,wta,1. round,indoors,2,1,-1,Shuai Zhang,China,177,66,33,67,23,2,3,0,0,530,374,30,19,3.9,0,-,2.36,5,Irina Begu,Romania,181,67,31,56,22,3,2,0,0,468,316,37,26,2.98,2,-,1.65,5
2033470,2022-02-09-22-00,Buenos Aires,atp,round of 16,clay,1,2,-1,Federico Coria,Argentina,180,73,29,65,61,1,2,1,1,527,324,515,293,-0.56,0,1676,1.84,6,Dusan Lajovic,Serbia,183,83,31,37,23,3,5,1,0,514,398,330,213,0.27,0,1694,2.06,4
2031534,2022-02-09-08-00,Buenos Aires,atp,1. round,clay,2,1,-1,Juan-Martin Del Potro,Argentina,198,97,33,753,3,8,4,5,3,573,228,165,73,0.0,1,-,2.95,6,Federico Delbonis,Argentina,193,90,31,42,33,2,4,0,1,530,362,442,229,-2.74,0,1720,1.45,2
2031532,2022-02-09-06-30,Buenos Aires,atp,1. round,clay,2,1,-1,Ignacio Londero Juan,Argentina,180,70,28,130,50,3,1,3,1,402,318,356,258,3.14,1,-,1.89,6,Pablo Andujar,Spain,180,80,36,73,32,2,2,0,0,567,470,483,307,1.74,1,1687,2.0,4
2033778,2022-02-09-10-10,Dallas,atp,1. round,indoors,1,1,0.03,Vasek Pospisil,Canada,193,88,31,150,25,11,2,11,2,492,349,137,79,3.3,0,-,1.03,9,Caleb Chakravarthi,USA,-,-,23,-,-,0,3,0,1,6,9,0,2,0.0,0,-,17.0,3
2031762,2022-02-09-11-25,Dallas,atp,1. round,indoors,2,2,0.61,Mitchell Krueger,USA,188,82,28,166,147,4,4,0,2,354,303,20,30,-1.38,1,-,2.44,5,Yoshihito Nishioka,Japan,170,64,26,108,48,11,4,9,1,375,211,54,28,3.19,3,-,1.61,9
2030996,2022-02-09-19-00,Rotterdam,atp,1. round,indoors,2,1,-1,Filip Krajinovic,Serbia,185,75,29,36,26,5,3,3,1,468,279,75,57,0.22,3,-,1.82,5,Marton Fucsovics,Hungary,188,82,30,38,31,1,3,0,0,423,306,117,87,-0.83,0,-,2.09,3
2033006,2022-02-09-19-00,Saint Petersburg WTA,wta,1. round,indoors,1,2,-1,Elena Rybakina,Kazakhstan,184,73,22,12,12,6,2,0,0,209,100,55,22,-0.18,0,-,1.23,6,Varvara Gracheva,Russia,178,-,21,81,77,3,2,3,0,179,104,32,23,0.78,0,-,4.61,6
