match_id,time_stamp,title,tour,round,surface,winner,predict,prediction_roi,player1_name,player1_country,player1_height,player1_weight,player1_age,player1_current_rank,player1_highest_rank,player1_year_total_win,player1_year_total_lose,player1_year_surface_win,player1_year_surface_lose,player1_career_total_win,player1_career_total_lose,player1_career_surface_win,player1_career_surface_lose,player1_roi,player1_H2H,player1_elo,player1_odds,player1_latest_win,player2_name,player2_country,player2_height,player2_weight,player2_age,player2_current_rank,player2_highest_rank,player2_year_total_win,player2_year_total_lose,player2_year_surface_win,player2_year_surface_lose,player2_career_total_win,player2_career_total_lose,player2_career_surface_win,player2_career_surface_lose,player2_roi,player2_H2H,player2_elo,player2_odds,player2_latest_win,strong_predict
2055544,2022-03-18-03-10,Indian Wells,wta,quarterfinal,hard,1,1,0.75,Maria Sakkari,Greece,172,62,26,6,6,14,4,10,3,393,255,194,127,1.58,0,2011,1.75,8,Elena Rybakina,Kazakhstan,184,73,22,20,12,10,3,9,3,213,101,87,46,0.18,1,1927,2.21,6
2055970,2022-03-18-07-00,Indian Wells,atp,quarterfinal,hard,1,1,0.44,Rafael Nadal,Spain,185,85,35,4,1,18,0,18,0,1152,240,473,124,6.2,5,2045,1.44,10,Nick Kyrgios,Australia,193,85,26,132,13,4,1,4,1,261,146,161,88,3.1,3,-,3.05,5
2055634,2022-03-18-05-05,Indian Wells,wta,quarterfinal,hard,1,2,-1,Paula Badosa,Spain,180,72,24,7,4,12,4,12,4,298,158,120,58,1.76,0,1997,1.48,7,Veronika Kudermetova,Russia,175,63,24,24,24,11,5,11,4,282,189,142,90,12.96,3,1862,2.88,7
2055996,2022-03-18-10-20,Indian Wells,atp,quarterfinal,hard,1,1,0.43,Carlos Alcaraz,Spain,185,72,18,19,19,11,1,5,1,127,39,33,11,3.09,1,2022,1.43,9,Cameron Norrie,Great Britain,188,82,26,12,12,13,6,11,5,290,166,191,82,2.58,0,1945,3.06,9
