match_id,time_stamp,title,tour,round,surface,winner,predict,prediction_roi,player1_name,player1_country,player1_height,player1_weight,player1_age,player1_current_rank,player1_highest_rank,player1_year_total_win,player1_year_total_lose,player1_year_surface_win,player1_year_surface_lose,player1_career_total_win,player1_career_total_lose,player1_career_surface_win,player1_career_surface_lose,player1_roi,player1_H2H,player1_elo,player1_odds,player1_latest_win,player2_name,player2_country,player2_height,player2_weight,player2_age,player2_current_rank,player2_highest_rank,player2_year_total_win,player2_year_total_lose,player2_year_surface_win,player2_year_surface_lose,player2_career_total_win,player2_career_total_lose,player2_career_surface_win,player2_career_surface_lose,player2_roi,player2_H2H,player2_elo,player2_odds,player2_latest_win,strong_predict
2096501,2022-05-18-20-45,Strasbourg,wta,round of 16,clay,1,2,-1,Elise Mertens,Belgium,179,67,26,33,12,10,8,1,1,376,205,88,55,-2.4,0,1857,1.24,4,Anna-Lena Friedsam,Germany,174,68,28,207,45,7,12,6,5,313,199,126,77,-2.01,0,-,4.44,5
2095503,2022-05-18-21-25,Rabat,wta,round of 16,clay,2,1,-1,Dalma Galfi,Hungary,178,68,23,98,91,19,11,6,3,251,165,112,75,-0.69,0,1605,2.25,6,Arantxa Rus,Netherlands,180,65,31,76,61,14,14,9,4,606,371,352,164,-7.17,1,1619,1.71,7
2096527,2022-05-18-21-50,Rabat,wta,round of 16,clay,1,1,0.88,Claire Liu,USA,-,-,21,92,83,17,9,10,2,186,115,73,30,1.51,1,1667,1.88,8,Mayar Sherif,Egypt,-,-,26,50,50,16,10,12,2,212,96,131,43,-0.11,0,1686,2.01,8
2096367,2022-05-18-21-55,Geneva,atp,round of 16,clay,1,1,1.58,Joao Sousa,Portugal,185,74,33,79,28,16,16,4,6,570,476,300,232,3.85,1,1581,2.58,4,Nikoloz Basilashvili,Georgia,185,79,30,25,16,7,15,4,5,449,369,163,121,-5.36,0,1762,1.57,4
2096409,2022-05-18-22-40,Strasbourg,wta,round of 16,clay,1,1,0.75,Viktorija Golubic,Switzerland,169,56,29,60,35,9,11,1,3,427,261,182,110,-5.19,1,1701,1.75,4,Fiona Ferro,France,170,56,25,139,39,6,10,5,6,254,206,163,105,-7.71,3,1614,2.18,5
2094257,2022-05-18-22-45,Lyon,atp,round of 16,clay,1,1,0.1,Holger Rune,Denmark,185,68,19,40,40,21,12,15,6,139,68,95,40,1.39,0,1857,1.1,7,Adrian Mannarino,France,180,79,33,73,22,11,13,1,4,624,486,75,111,5.69,0,1645,8.72,2
2096627,2022-05-18-23-15,Geneva,atp,round of 16,clay,1,2,-1,Tallon Griekspoor,Netherlands,188,85,25,64,54,8,9,3,3,317,175,156,85,-3.2,0,1775,1.23,4,Johan Nikles,Switzerland,170,68,25,317,291,14,8,12,6,241,167,163,104,1.03,0,1393,4.7,7
2096903,2022-05-19-00-05,Rabat,wta,round of 16,clay,1,1,0.28,Nuria Parrizas-Diaz,Spain,-,-,30,48,45,13,11,5,4,498,306,129,112,3.07,0,-,1.28,6,Kristina Mladenovic,France,184,60,29,110,10,2,9,2,5,399,352,101,86,-4.76,0,1644,4.08,2
2095501,2022-05-19-00-55,Rabat,wta,round of 16,clay,2,1,-1,Garbine Muguruza,Spain,182,73,28,10,1,7,7,2,2,464,237,159,81,-4.08,0,1948,1.35,5,Martina Trevisan,Italy,-,-,28,85,66,11,10,4,4,284,163,222,101,-5.24,0,1630,3.47,4
2096043,2022-05-19-01-30,Strasbourg,wta,round of 16,clay,2,1,-1,Aliaksandra Sasnovich,Belarus,174,60,28,45,30,21,9,6,3,368,235,101,73,4.0,0,1742,1.93,6,Angelique Kerber,Germany,173,68,34,22,1,3,8,1,2,691,369,132,91,-4.74,1,1853,1.95,3
2096049,2022-05-19-02-00,Geneva,atp,round of 16,clay,2,2,0.16,Benoit Paire,France,196,80,33,67,18,6,15,3,8,550,461,254,185,-0.74,0,1621,6.25,3,Casper Ruud,Norway,183,77,23,8,7,20,9,11,5,292,170,179,91,-1.06,4,1964,1.16,6
2096523,2022-05-19-02-05,Lyon,atp,round of 16,clay,1,2,-1,Michael Mmoh,USA,188,90,24,179,96,20,13,8,5,236,163,27,28,-0.69,1,1602,2.51,6,Manuel Guinard,France,196,81,26,158,151,20,13,14,7,272,181,178,99,5.1,0,1534,1.6,5
2096503,2022-05-19-03-20,Rabat,wta,round of 16,clay,2,2,0.61,Clara Burel,France,-,-,21,95,74,5,9,3,4,99,66,46,33,-2.9,0,1588,2.44,4,Lucia Bronzetti,Italy,-,-,23,83,79,21,10,7,2,246,159,150,104,4.61,0,1658,1.61,7
2095071,2022-05-19-03-25,Geneva,atp,round of 16,clay,2,1,-1,Denis Shapovalov,Canada,185,75,23,15,10,16,9,4,2,254,156,66,35,7.19,3,1826,1.52,5,Ilya Ivashka,Belarus,193,84,28,50,41,6,9,3,5,339,214,42,36,-3.13,0,1796,2.74,3
2097329,2022-05-19-19-10,Lyon,atp,quarterfinal,clay,1,1,0.62,Alex Molcan,Slovakia,178,73,24,47,46,15,11,9,5,226,130,141,75,2.63,0,1772,1.62,6,Federico Coria,Argentina,180,73,30,59,52,13,12,11,9,539,334,525,301,0.3,2,1701,2.45,5
2097331,2022-05-19-19-10,Strasbourg,wta,quarterfinal,clay,2,2,1.26,Elise Mertens,Belgium,179,67,26,33,12,11,8,2,1,377,205,89,55,-2.17,0,1857,1.72,5,Kaja Juvan,Slovenia,170,58,21,81,78,21,9,5,2,179,86,103,36,3.72,0,1725,2.26,8
2097213,2022-05-19-20-00,Rabat,wta,quarterfinal,clay,1,1,1.01,Anna Bondar,Hungary,-,-,24,67,67,19,13,10,4,324,157,243,104,-0.35,0,1684,2.01,7,Ajla Tomljanovic,Australia,180,67,29,44,38,11,12,6,4,360,277,119,79,-5.58,0,1724,1.9,6
2097431,2022-05-19-21-30,Rabat,wta,quarterfinal,clay,2,2,0.26,Astra Sharma,Australia,178,80,26,144,84,7,10,4,2,173,110,55,25,-3.32,0,1546,4.3,5,Claire Liu,USA,-,-,21,92,83,18,9,11,2,187,115,74,30,2.36,2,1667,1.26,9
