match_id,time_stamp,title,tour,round,surface,winner,predict,prediction_roi,player1_name,player1_country,player1_height,player1_weight,player1_age,player1_current_rank,player1_highest_rank,player1_year_total_win,player1_year_total_lose,player1_year_surface_win,player1_year_surface_lose,player1_career_total_win,player1_career_total_lose,player1_career_surface_win,player1_career_surface_lose,player1_roi,player1_H2H,player1_elo,player1_odds,player1_latest_win,player2_name,player2_country,player2_height,player2_weight,player2_age,player2_current_rank,player2_highest_rank,player2_year_total_win,player2_year_total_lose,player2_year_surface_win,player2_year_surface_lose,player2_career_total_win,player2_career_total_lose,player2_career_surface_win,player2_career_surface_lose,player2_roi,player2_H2H,player2_elo,player2_odds,player2_latest_win,strong_predict
2082173,2022-05-01-21-45,Madrid - Masters,atp,1. round,clay,2,2,2.74,Lorenzo Sonego,Italy,191,76,26,27,21,10,11,6,5,327,210,208,114,-5.28,0,1766,1.32,3,Jack Draper,Great Britain,191,80,20,124,122,24,4,1,1,142,57,15,8,8.49,0,1662,3.74,8
2082175,2022-05-01-22-45,Madrid - Masters,atp,1. round,clay,1,1,1.14,Daniel Evans,Great Britain,175,75,31,35,22,9,10,1,4,551,341,43,38,-4.09,1,1762,2.14,2,Federico Delbonis,Argentina,193,90,31,36,33,7,12,5,7,535,370,447,235,-5.18,0,1716,1.79,2
2082169,2022-05-01-23-00,Madrid - Masters,atp,1. round,clay,2,2,0.62,Filip Krajinovic,Serbia,185,75,30,49,26,8,8,1,2,471,284,271,123,-2.85,1,1758,2.45,4,John Isner,USA,208,108,37,25,8,9,9,3,1,546,344,77,60,-2.37,2,1830,1.62,6
2082051,2022-05-01-23-00,Madrid WTA,wta,2. round,clay,2,1,-1,Annie Fernandez Leylah,Canada,158,48,19,20,19,11,5,1,1,122,74,33,25,1.19,0,-,1.92,7,Belen Teichmann Jil,Switzerland,170,80,24,35,31,9,9,2,1,247,175,152,79,-1.14,1,-,1.99,5
2083111,2022-05-02-00-40,Estoril,atp,final,clay,2,1,-1,Frances Tiafoe,USA,188,86,24,29,28,11,7,7,2,284,201,100,52,3.41,0,1815,2.54,7,Sebastian Baez,Argentina,170,70,21,59,59,21,13,15,6,181,76,152,59,-0.59,0,1800,1.58,6
2082193,2022-05-02-01-00,Madrid WTA,wta,2. round,clay,1,2,-1,Emma Raducanu,Great Britain,-,-,19,11,11,6,7,3,1,99,36,3,1,-1.17,0,1690,2.06,5,Marta Kostyuk,Ukraine,171,60,19,60,49,11,7,1,0,145,76,62,24,-1.01,1,1794,1.85,6
2082091,2022-05-02-01-35,Madrid WTA,wta,2. round,clay,2,1,-1,Katerina Siniakova,Czech Republic,174,69,25,51,31,7,7,1,0,314,221,126,71,-0.39,2,1809,4.06,6,Elena Rybakina,Kazakhstan,184,73,22,18,12,15,7,2,2,218,105,57,29,-2.78,3,1904,1.28,6
2082057,2022-05-02-02-20,Madrid WTA,wta,2. round,clay,2,2,2.0,Maria Sakkari,Greece,172,62,26,5,3,17,7,1,1,396,258,155,94,0.81,0,1977,1.45,6,Darya Kasatkina,Russia,170,62,24,23,10,13,8,2,1,278,155,99,40,1.56,3,-,3.0,5
2082203,2022-05-02-03-15,Madrid WTA,wta,2. round,clay,2,1,-1,Naomi Osaka,Japan,180,69,24,36,1,12,3,1,0,283,151,53,33,0.69,2,1919,1.36,8,Sara Sorribes Tormo,Spain,176,69,25,47,32,12,7,3,1,360,225,219,104,-0.78,1,1787,3.46,6
2082161,2022-05-02-20-00,Madrid - Masters,atp,1. round,clay,2,2,0.34,Lloyd Harris,RSA,193,80,25,38,31,7,11,2,3,321,164,33,32,-3.66,1,1778,3.61,5,Alejandro Davidovich Fokina,Spain,183,80,22,29,27,10,11,6,3,207,139,98,59,0.12,0,1845,1.34,6
