match_id,time_stamp,title,tour,round,surface,winner,predict,prediction_roi,player1_name,player1_country,player1_height,player1_weight,player1_age,player1_current_rank,player1_highest_rank,player1_year_total_win,player1_year_total_lose,player1_year_surface_win,player1_year_surface_lose,player1_career_total_win,player1_career_total_lose,player1_career_surface_win,player1_career_surface_lose,player1_roi,player1_H2H,player1_elo,player1_odds,player1_latest_win,player2_name,player2_country,player2_height,player2_weight,player2_age,player2_current_rank,player2_highest_rank,player2_year_total_win,player2_year_total_lose,player2_year_surface_win,player2_year_surface_lose,player2_career_total_win,player2_career_total_lose,player2_career_surface_win,player2_career_surface_lose,player2_roi,player2_H2H,player2_elo,player2_odds,player2_latest_win,strong_predict
2113833,2022-06-09-21-20,Hertogenbosch,atp,round of 16,grass,2,1,-1,Sam Querrey,USA,198,95,34,107,11,5,8,3,1,497,388,80,47,-0.39,1,1703,2.76,5,Brandon Nakashima,USA,185,77,20,64,62,14,14,3,1,140,81,7,4,-4.25,2,1712,1.51,7
2113651,2022-06-09-21-50,Stuttgart,atp,round of 16,grass,1,2,-1,Andy Murray,Great Britain,190,83,35,68,1,16,9,4,1,822,276,112,33,-0.45,2,1801,1.68,7,Alexander Bublik,Kazakhstan,198,77,24,42,30,14,13,1,0,290,201,22,17,4.29,1,1742,2.33,3
2113839,2022-06-09-21-50,Hertogenbosch,atp,round of 16,grass,2,2,0.22,Tallon Griekspoor,Netherlands,188,85,25,56,54,11,11,1,0,320,177,5,3,-1.35,0,1733,4.91,6,Felix Auger Aliassime,Canada,193,88,21,9,9,26,13,0,0,251,149,18,8,3.97,1,1916,1.22,7
2113509,2022-06-09-21-55,Stuttgart,atp,round of 16,grass,2,1,-1,Hubert Hurkacz,Poland,196,81,25,13,9,23,10,0,0,298,183,11,9,3.41,0,1887,1.44,6,Marton Fucsovics,Hungary,188,82,30,55,31,14,14,1,0,436,317,25,19,-4.63,2,1758,3.04,6
2113881,2022-06-09-22-00,Hertogenbosch,atp,round of 16,grass,2,2,2.03,Alex De Minaur,Australia,183,69,23,22,15,21,12,0,0,255,149,31,15,-1.04,1,1834,1.44,5,Adrian Mannarino,France,180,79,33,70,22,12,16,1,1,625,489,78,51,3.1,0,1708,3.03,2
2113957,2022-06-09-22-40,Hertogenbosch,wta,round of 16,grass,1,2,-1,Kirsten Flipkens,Belgium,165,55,36,308,13,8,9,1,0,599,433,68,38,-2.85,0,1673,3.08,5,Ann Li,USA,160,50,21,68,44,8,8,1,0,146,90,4,7,1.82,0,1659,1.43,5
2113557,2022-06-09-22-55,Hertogenbosch,wta,round of 16,grass,2,2,0.14,Anna Kalinskaya,Russia,175,68,23,86,75,15,10,1,0,222,133,18,13,-0.63,0,1681,6.85,5,Belinda Bencic,Switzerland,175,63,25,17,4,21,9,1,0,363,191,48,22,1.3,0,1906,1.14,7
2113507,2022-06-09-23-20,Stuttgart,atp,round of 16,grass,1,2,-1,Stefanos Tsitsipas,Greece,193,89,23,5,3,34,11,0,0,411,194,14,15,-1.01,0,1958,1.34,7,Dominic Stricker,Switzerland,-,-,19,200,155,18,11,3,0,55,39,5,2,4.2,0,1592,3.6,5
2113831,2022-06-09-23-35,Hertogenbosch,atp,round of 16,grass,1,1,0.65,Ilya Ivashka,Belarus,193,84,28,49,41,9,11,1,0,342,216,16,12,-2.2,3,1776,1.65,5,Emil Ruusuvuori,Finland,188,79,23,62,59,22,15,1,0,217,116,3,4,-3.21,1,1706,2.4,5
2113907,2022-06-10-00-45,Valencia WTA,wta,round of 16,clay,1,1,0.14,Qinwen Zheng,China,-,-,19,54,54,21,9,5,3,121,48,49,16,5.23,1,1736,1.14,5,Maria Bara Irina,Romania,164,80,27,115,104,19,16,15,9,372,248,326,181,-1.56,0,-,6.05,7
2113841,2022-06-10-00-50,Hertogenbosch,wta,round of 16,grass,2,2,2.17,Elena Rybakina,Kazakhstan,184,73,22,21,12,21,10,1,0,224,108,15,5,-4.76,3,1868,1.41,7,Shelby Rogers,USA,175,70,29,42,36,9,11,1,0,292,236,16,21,2.46,1,1719,3.17,4
2114541,2022-06-10-01-20,Nottingham,wta,round of 16,grass,1,2,-1,Alison Riske,USA,175,66,31,40,18,13,10,1,0,408,326,80,35,2.8,2,1795,1.46,6,Caroline Garcia,France,177,61,28,75,4,8,9,1,0,388,307,33,21,11.99,0,1720,2.93,6
2113653,2022-06-10-02-25,Hertogenbosch,wta,round of 16,grass,1,2,-1,Ekaterina Alexandrova,Russia,180,66,27,30,25,18,11,1,0,399,231,18,13,-0.64,2,1808,1.35,7,Anhelina Kalinina,Ukraine,179,70,25,35,35,14,9,1,0,307,155,6,7,5.15,0,1723,3.5,6
2113837,2022-06-10-02-05,Hertogenbosch,atp,round of 16,grass,1,2,-1,Karen Khachanov,Russia,198,87,26,23,8,19,14,1,0,342,237,23,15,-2.55,2,1820,1.4,7,Kamil Majchrzak,Poland,180,78,26,81,75,15,12,1,0,351,200,23,10,-2.5,0,1728,3.2,5
2114225,2022-06-10-02-50,Stuttgart,atp,round of 16,grass,1,1,0.35,Nick Kyrgios,Australia,193,85,27,78,13,10,4,1,0,267,149,35,17,3.14,1,1826,1.35,7,Nikoloz Basilashvili,Georgia,185,79,30,26,16,9,17,1,0,451,371,19,21,-6.46,0,1712,3.54,5
2113987,2022-06-10-03-25,Valencia WTA,wta,round of 16,clay,2,1,-1,Leyre Romero Gormaz,Spain,-,-,20,410,408,24,13,17,10,84,57,69,48,9.62,0,-,2.66,6,Reka-Luca Jani,Hungary,161,58,30,138,128,32,17,27,13,576,324,479,236,-1.26,1,-,1.49,5
2113861,2022-06-10-04-30,Nottingham,wta,round of 16,grass,1,2,-1,Ajla Tomljanovic,Australia,180,67,29,45,38,13,14,1,0,362,279,30,24,-4.73,0,1732,1.56,5,Katie Boulter,Great Britain,182,68,25,136,82,14,5,3,0,246,154,27,22,5.65,0,1714,2.6,8
2113973,2022-06-10-06-20,Valencia WTA,wta,round of 16,clay,1,1,0.48,Nuria Parrizas-Diaz,Spain,-,-,30,51,45,15,13,7,6,500,308,131,114,1.9,0,-,1.48,5,Katarina Zavatska,Ukraine,172,63,22,230,103,8,7,7,5,198,135,108,61,-2.16,0,1558,2.69,6
2114857,2022-06-10-19-00,Stuttgart,atp,quarterfinal,grass,2,1,-1,Benjamin Bonzi,France,185,76,26,58,52,24,12,2,0,372,211,12,3,1.69,0,1755,2.13,8,Oscar Otte,Germany,193,79,28,61,53,16,15,2,0,444,249,11,7,-1.21,1,1710,1.81,6
2114859,2022-06-10-18-10,Valencia WTA,wta,quarterfinal,clay,1,1,2.77,Mirjam Bjorklund,Sweden,-,-,23,134,134,18,9,13,4,175,106,118,59,1.05,0,1368,3.77,8,Arantxa Rus,Netherlands,180,65,31,77,61,17,16,12,6,609,373,355,166,-8.09,0,1626,1.28,6
2114919,2022-06-10-19-05,Hertogenbosch,atp,quarterfinal,grass,2,2,1.01,Hugo Gaston,France,173,68,21,66,63,9,15,2,0,156,114,2,1,3.19,0,1574,1.9,5,Tim Van Rijthoven,Netherlands,188,89,25,205,175,24,13,2,1,224,129,2,1,4.42,0,1502,2.01,5
2114947,2022-06-10-19-05,Hertogenbosch,wta,quarterfinal,grass,1,1,1.91,Veronika Kudermetova,Russia,175,63,25,24,22,22,11,2,0,293,195,15,11,14.33,3,1794,2.91,6,Belinda Bencic,Switzerland,175,63,25,17,4,22,9,2,0,364,191,49,22,1.43,4,1906,1.47,7
2114423,2022-06-10-20-00,Nottingham,wta,quarterfinal,grass,2,1,-1,Shuai Zhang,China,177,66,33,41,23,15,14,2,0,543,385,30,29,3.95,1,1679,2.15,4,Tereza Martincova,Czech Republic,179,64,27,60,40,10,12,2,0,414,315,21,18,0.7,0,1722,1.79,4
