match_id,time_stamp,title,tour,round,surface,winner,predict,prediction_roi,player1_name,player1_country,player1_height,player1_weight,player1_age,player1_current_rank,player1_highest_rank,player1_year_total_win,player1_year_total_lose,player1_year_surface_win,player1_year_surface_lose,player1_career_total_win,player1_career_total_lose,player1_career_surface_win,player1_career_surface_lose,player1_roi,player1_H2H,player1_elo,player1_odds,player1_latest_win,player2_name,player2_country,player2_height,player2_weight,player2_age,player2_current_rank,player2_highest_rank,player2_year_total_win,player2_year_total_lose,player2_year_surface_win,player2_year_surface_lose,player2_career_total_win,player2_career_total_lose,player2_career_surface_win,player2_career_surface_lose,player2_roi,player2_H2H,player2_elo,player2_odds,player2_latest_win,strong_predict
2086317,2022-05-06-21-55,Saint-Malo WTA,wta,quarterfinal,clay,2,1,-1,Madison Brengle,USA,174,60,32,54,35,11,9,2,2,543,401,112,105,8.07,0,1681,1.74,5,Maryna Zanevska,Belgium,175,59,28,70,68,7,5,2,0,457,256,223,120,1.3,0,1654,2.14,5
2086309,2022-05-06-22-10,Madrid - Masters,atp,quarterfinal,clay,1,2,-1,Novak Djokovic,Serbia,187,80,34,1,1,6,3,4,2,1136,242,309,69,-0.57,3,2113,1.3,7,Hubert Hurkacz,Poland,196,81,25,14,9,20,7,6,1,295,180,85,51,5.46,0,1879,3.92,8
2086475,2022-05-07-00-10,Madrid - Masters,atp,quarterfinal,clay,2,1,-1,Rafael Nadal,Spain,185,85,35,4,1,22,1,2,0,1156,241,509,53,6.68,2,2058,1.98,9,Carlos Alcaraz,Spain,185,72,19,9,9,25,3,12,1,141,41,89,25,5.19,0,2106,1.93,9
2085871,2022-05-07-02-30,Saint-Malo WTA,wta,quarterfinal,clay,1,1,1.76,Anna Blinkova,Russia,179,70,23,135,54,21,11,11,5,221,150,56,39,1.02,2,1561,2.76,7,Bernarda Pera,USA,175,80,27,100,59,6,6,2,0,359,208,226,90,0.27,2,1658,1.47,5
2086417,2022-05-07-04-10,Madrid - Masters,atp,quarterfinal,clay,2,1,-1,Andrey Rublev,Russia,188,70,24,8,5,25,5,7,1,365,198,95,55,6.06,5,1995,3.23,7,Stefanos Tsitsipas,Greece,193,89,23,5,3,26,8,9,1,403,191,146,46,-0.04,5,2057,1.4,9
2086419,2022-05-07-06-35,Madrid - Masters,atp,quarterfinal,clay,2,1,-1,Felix Auger Aliassime,Canada,193,88,21,10,9,21,10,6,4,246,146,100,51,5.53,2,1879,2.85,6,Alexander Zverev,Germany,198,90,25,3,3,19,7,5,2,425,218,143,73,-3.81,6,2087,1.49,7
