match_id,time_stamp,title,tour,round,surface,winner,predict,prediction_roi,player1_name,player1_country,player1_height,player1_weight,player1_age,player1_current_rank,player1_highest_rank,player1_year_total_win,player1_year_total_lose,player1_year_surface_win,player1_year_surface_lose,player1_career_total_win,player1_career_total_lose,player1_career_surface_win,player1_career_surface_lose,player1_roi,player1_H2H,player1_elo,player1_odds,player1_latest_win,player2_name,player2_country,player2_height,player2_weight,player2_age,player2_current_rank,player2_highest_rank,player2_year_total_win,player2_year_total_lose,player2_year_surface_win,player2_year_surface_lose,player2_career_total_win,player2_career_total_lose,player2_career_surface_win,player2_career_surface_lose,player2_roi,player2_H2H,player2_elo,player2_odds,player2_latest_win,strong_predict
2019226,2022-01-12-09-10,Sydney,atp,round of 16,hard,2,1.67,0.56,Fabio Fognini,Italy,178,79,34,36,9,1,0,1,0,612,461,134,135,0,0,1771,2.62,3,Brandon Nakashima,USA,185,77,20,68,62,1,0,1,0,127,67,75,38,0,1,1848,1.56,8
2019430,2022-01-12-08-40,Adelaide 2,atp,round of 16,hard,1,1.45,0.9,Arthur Rinderknech,France,196,86,26,58,58,2,2,2,2,217,128,63,30,0,0,1679,1.9,4,Woo Kwon Soon,South Korea,180,72,24,53,52,2,1,2,1,243,147,173,105,0,0,1740,2.01,8
2019244,2022-01-12-09-40,Adelaide 2,wta,round of 16,hard,2,1.27,-1,Rebecca Peterson,Sweden,173,65,26,93,43,4,1,4,1,304,180,147,77,0,2,1721,1.5,7,Madison Brengle,USA,174,60,31,59,35,2,1,2,1,534,393,327,215,0,1,1668,2.8,8
2018740,2022-01-12-09-40,Adelaide 2,wta,round of 16,hard,2,1.28,-1,Marketa Vondrousova,Czech Republic,172,59,22,34,14,1,0,1,0,211,89,69,37,0,0,1878,1.47,7,Ana Konjuh,Croatia,174,65,24,65,20,3,1,3,1,215,130,75,53,0,1,1725,2.89,6
2019254,2022-01-12-10-45,Sydney,wta,round of 16,hard,2,1.66,0.4,Ekaterina Alexandrova,Russia,180,66,27,40,25,1,1,1,1,382,221,66,52,0,1,1792,3.2,6,Garbine Muguruza,Spain,182,73,28,3,1,42,17,34,11,457,230,234,111,0,1,1968,1.4,7
2019434,2022-01-12-10-30,Sydney,wta,round of 16,hard,1,1.43,0.69,Darya Kasatkina,Russia,170,62,24,26,10,4,1,4,1,269,148,108,77,0,3,1842,1.69,6,Elise Mertens,Belgium,179,67,26,20,12,1,0,1,0,367,197,203,90,0,1,1871,2.3,6
2019236,2022-01-12-09-10,Sydney,wta,round of 16,hard,1,1.26,0.14,Anett Kontaveit,Estonia,174,65,26,7,7,1,0,1,0,382,185,153,88,0,0,1992,1.14,8,Gabriela Ruse Elena,Romania,172,-,24,82,82,4,1,4,1,232,127,38,23,0,0,-,6.93,6
2018782,2022-01-12-09-10,Sydney,wta,round of 16,hard,2,1.61,0.58,Petra Kvitova,Czech Republic,183,70,31,21,2,1,1,1,1,608,264,263,133,0,3,1932,2.54,6,Ons Jabeur,Tunis,167,66,27,10,7,1,0,1,0,367,205,136,100,0,0,1922,1.58,7
2019250,2022-01-12-10-40,Sydney,atp,round of 16,hard,1,1.36,0.35,Daniel Evans,Great Britain,175,75,31,26,22,3,0,3,0,545,331,238,133,0,0,1798,1.35,6,Pedro Martinez,Spain,185,76,24,61,58,1,0,1,0,369,200,49,33,0,0,1723,3.53,5
2019240,2022-01-12-10-45,Sydney,atp,round of 16,hard,1,1.36,0.61,Aslan Karatsev,Russia,185,-,28,20,15,37,20,23,9,399,248,143,70,0,1,1848,1.61,6,Miomir Kecmanovic,Serbia,183,75,22,78,38,1,0,1,0,209,139,87,59,0,0,1637,2.48,4
2019232,2022-01-12-09-10,Sydney,atp,round of 16,hard,2,1.65,0.53,Sebastian Baez,Argentina,170,70,21,95,95,4,2,4,2,164,65,25,8,0,0,1753,2.69,8,Lorenzo Sonego,Italy,191,76,26,27,21,1,0,1,0,318,199,48,43,0,0,1776,1.53,5
2019464,2022-01-12-12-45,Adelaide 2,atp,round of 16,hard,1,1.59,-1,Aleksandar Vukic,Australia,188,84,25,160,156,1,1,1,1,217,161,103,81,0,0,1654,1.94,5,Steve Johnson,USA,188,86,32,84,21,4,1,4,1,359,273,233,165,0,2,1661,1.96,7
2019492,2022-01-12-12-40,Adelaide 2,atp,round of 16,hard,1,1.33,0.23,Karen Khachanov,Russia,198,87,25,30,8,3,1,3,1,326,224,122,77,0,1,1861,1.23,6,Gianluca Mager,Italy,188,77,27,63,62,2,1,2,1,370,258,33,36,0,0,1672,4.7,6
2019462,2022-01-12-11-00,Adelaide 2,atp,round of 16,hard,1,1.34,0.43,Tommy Paul,USA,185,82,24,41,41,3,1,3,1,308,186,153,103,0,0,1861,1.43,5,Benjamin Bonzi,France,185,76,25,65,60,1,1,1,1,349,200,143,59,0,0,1689,3.09,3
2018784,2022-01-12-10-50,Adelaide 2,atp,round of 16,hard,2,1.69,0.35,Jaume Munar,Spain,183,76,24,72,52,3,1,3,1,302,200,49,40,0,0,1591,3.54,7,Marin Cilic,Croatia,198,89,33,29,3,2,1,2,1,666,357,249,139,0,0,1848,1.35,4
2018660,2022-01-12-12-35,Sydney,atp,round of 16,hard,2,1.69,0.57,Jordan Thompson,Australia,183,82,27,73,43,2,1,2,1,364,240,211,136,0,1,1657,2.58,4,Reilly Opelka,USA,211,102,24,25,19,0,1,0,1,199,156,94,77,0,0,1805,1.57,2
2019472,2022-01-12-12-45,Adelaide 2,wta,round of 16,hard,1,0.0,0,Ludmilla Samsonova,Russia,180,67,23,39,38,1,1,1,1,247,145,61,37,0,2,1820,1.56,5,Nuria Parrizas-Diaz,Spain,-,-,30,64,64,3,1,3,1,488,296,335,167,0,0,-,2.6,7
2019436,2022-01-12-12-15,Adelaide 2,wta,round of 16,hard,2,1.59,0.43,Tereza Martincova,Czech Republic,179,64,27,48,48,1,1,1,1,405,304,109,81,0,0,1745,3.1,5,Madison Keys,USA,178,66,26,87,7,2,1,2,1,310,174,186,108,0,0,1823,1.43,3
2019438,2022-01-12-11-25,Adelaide 2,wta,round of 16,hard,2,1.29,-1,Jasmine Paolini,Italy,160,60,26,52,51,2,1,2,1,299,206,81,63,0,0,1713,1.52,7,Lauren Davis,USA,157,55,28,95,26,3,1,3,1,326,232,185,144,0,0,1656,2.74,6
2019428,2022-01-12-12-10,Sydney,wta,round of 16,hard,1,1.59,-1,Oceane Dodin,France,183,59,25,96,46,2,2,2,2,326,199,86,54,0,0,1630,5.95,6,Belinda Bencic,Switzerland,175,63,24,23,4,1,0,1,0,343,182,164,89,0,0,1891,1.17,5
2019382,2022-01-12-14-15,Sydney,atp,round of 16,hard,1,1.37,0.64,David Goffin,Belgium,180,70,31,45,7,1,1,1,1,566,307,210,117,0,0,1788,1.64,2,Denis Kudla,USA,180,79,29,109,53,2,2,2,2,455,333,206,165,0,0,1655,2.41,4
2019490,2022-01-12-13-40,Adelaide 2,atp,round of 16,hard,1,1.55,-1,Thanasi Kokkinakis,Australia,193,84,25,145,69,4,1,4,1,227,137,151,79,0,0,1665,1.79,7,John Isner,USA,208,108,36,24,8,1,2,1,2,538,337,330,172,0,1,1858,2.14,2
2019526,2022-01-12-15-40,Adelaide 2,wta,round of 16,hard,2,1.59,0.35,Marta Kostyuk,Ukraine,171,60,19,50,50,1,1,1,1,135,70,52,28,0,0,1761,3.50,5,Cori Gauff,USA,176,59,17,19,19,2,1,2,1,88,44,38,24,0,0,1866,1.35,5
2019488,2022-01-12-14-15,Adelaide 2,wta,round of 16,hard,1,1.6,-1,Alison Riske,USA,175,66,31,57,18,2,1,2,1,397,317,203,178,0,1,1749,1.97,8,Anhelina Kalinina,Ukraine,179,70,24,51,51,1,1,1,1,294,147,70,51,0,0,1688,1.93,7
2019522,2022-01-12-16-00,Sydney,wta,round of 16,hard,1,1.77,-1,Caroline Garcia,France,177,61,28,75,4,1,1,1,1,381,299,173,145,0,0,1721,5.89,5,Elena Rybakina,Kazakhstan,184,73,22,13,13,5,1,5,1,208,99,83,44,0,2,1865,1.17,5
2018780,2022-01-12-14-30,Sydney,wta,round of 16,hard,1,1.24,0.27,Barbora Krejcikova,Czech Republic,178,62,26,4,3,45,17,27,13,366,189,79,60,0,0,1865,1.27,5,Adina Cristian Jaqueline,Romania,180,-,23,73,71,1,1,1,1,241,164,82,52,0,0,-,4.18,6
2019428,2022-01-12-13-25,Sydney,wta,round of 16,hard,1,1.74,-1,Oceane Dodin,France,183,59,25,96,46,2,2,2,2,326,199,86,54,0,0,1630,5.95,6,Belinda Bencic,Switzerland,175,63,24,23,4,1,0,1,0,343,182,164,89,0,0,1891,1.17,5
2019478,2022-01-12-18-05,Adelaide 2,atp,round of 16,hard,1,1.6,-1,Corentin Moutet,France,175,68,22,115,67,4,1,4,1,227,148,41,33,0,0,1741,2.27,7,Marton Fucsovics,Hungary,188,82,29,38,31,1,1,1,1,423,304,115,81,0,0,1791,1.71,4
2019520,2022-01-12-17-40,Adelaide 2,atp,round of 16,hard,2,1.38,-1,Gael Monfils,France,193,85,35,19,6,4,0,4,0,622,344,232,133,0,1,1818,1.20,7,Moura Monteiro Thiago,Brazil,183,78,27,83,74,3,2,3,2,402,293,69,63,0,1,1640,5.16,7
2019246,2022-01-12-19-00,Adelaide 2,wta,round of 16,hard,1,1.34,0.31,Tamara Zidansek,Slovenia,167,80,24,31,30,1,1,1,1,267,123,61,49,0,0,1675,1.31,5,Maddison Inglis,Australia,171,59,23,139,112,3,1,3,1,201,130,173,104,0,0,1455,3.81,4
2019228,2022-01-12-17-10,Sydney,wta,round of 16,hard,1,1.37,0.39,Paula Badosa,Spain,180,72,24,9,8,1,1,1,1,287,155,109,55,0,0,1914,1.39,7,Ajla Tomljanovic,Australia,180,67,28,45,39,2,1,2,1,351,266,189,145,0,0,1751,3.29,6
