match_id,time_stamp,title,tour,round,surface,winner,predict,prediction_roi,player1_name,player1_country,player1_height,player1_weight,player1_age,player1_current_rank,player1_highest_rank,player1_year_total_win,player1_year_total_lose,player1_year_surface_win,player1_year_surface_lose,player1_career_total_win,player1_career_total_lose,player1_career_surface_win,player1_career_surface_lose,player1_roi,player1_H2H,player1_elo,player1_odds,player1_latest_win,player2_name,player2_country,player2_height,player2_weight,player2_age,player2_current_rank,player2_highest_rank,player2_year_total_win,player2_year_total_lose,player2_year_surface_win,player2_year_surface_lose,player2_career_total_win,player2_career_total_lose,player2_career_surface_win,player2_career_surface_lose,player2_roi,player2_H2H,player2_elo,player2_odds,player2_latest_win,strong_predict
2188299,2022-09-08-02-00,US Open,wta,quarterfinal,hard,2,1,-1,Karolina Pliskova,Czech Republic,186,72,30,22,1,19,14,10,5,634,346,302,153,0.52,2,1915,2.13,8,Aryna Sabalenka,Belarus,182,80,24,6,2,28,17,15,10,307,156,177,75,-3.84,2,1929,1.81,8
2188229,2022-09-08-04-05,US Open,atp,quarterfinal,hard,2,2,0.97,Andrey Rublev,Russia,188,70,24,11,5,40,14,19,6,380,207,146,75,2.31,1,1945,1.93,7,Frances Tiafoe,USA,188,86,24,26,24,26,18,14,9,299,212,134,101,3.26,1,1843,1.97,7
2188225,2022-09-08-09-00,US Open,wta,quarterfinal,hard,1,1,0.65,Iga Swiatek,Poland,176,65,21,1,1,54,7,32,5,214,55,81,28,6.32,2,2137,1.65,7,Jessica Pegula,USA,170,70,28,8,7,35,16,21,10,355,216,195,107,4.36,1,1939,2.4,8
2188301,2022-09-08-11-35,US Open,atp,quarterfinal,hard,2,1,-1,Jannik Sinner,Italy,188,76,21,13,9,42,11,21,5,212,102,70,35,3.8,2,2035,2.66,8,Carlos Alcaraz,Spain,185,72,19,4,4,48,11,18,4,164,49,46,14,2.33,2,2083,1.56,7
