match_id,time_stamp,title,tour,round,surface,winner,predict,prediction_roi,player1_name,player1_country,player1_height,player1_weight,player1_age,player1_current_rank,player1_highest_rank,player1_year_total_win,player1_year_total_lose,player1_year_surface_win,player1_year_surface_lose,player1_career_total_win,player1_career_total_lose,player1_career_surface_win,player1_career_surface_lose,player1_roi,player1_H2H,player1_elo,player1_odds,player1_latest_win,player2_name,player2_country,player2_height,player2_weight,player2_age,player2_current_rank,player2_highest_rank,player2_year_total_win,player2_year_total_lose,player2_year_surface_win,player2_year_surface_lose,player2_career_total_win,player2_career_total_lose,player2_career_surface_win,player2_career_surface_lose,player2_roi,player2_H2H,player2_elo,player2_odds,player2_latest_win,strong_predict
2131553,2022-06-30-21-40,Wimbledon,atp,2. round,grass,2,1,-1,Filip Krajinovic,Serbia,185,75,30,31,26,17,12,5,1,480,288,13,14,7.68,0,1678,4.03,7,Nick Kyrgios,Australia,193,85,27,40,13,17,6,8,2,274,151,42,19,2.13,3,1814,1.29,7
2131323,2022-06-30-21-50,Wimbledon,atp,2. round,grass,1,2,-1,Lorenzo Sonego,Italy,191,76,27,54,21,16,17,4,3,333,216,17,12,-8.8,2,1745,1.23,6,Hugo Gaston,France,173,68,21,66,63,11,17,4,2,158,116,4,3,2.76,0,1648,4.7,6
2131797,2022-06-30-21-50,Wimbledon,wta,2. round,grass,2,2,0.61,Greetje Minnen,Belgium,175,68,24,88,69,15,13,2,3,272,149,14,9,-5.29,0,-,2.46,3,Qinwen Zheng,China,-,-,19,52,46,26,11,1,2,126,50,1,2,5.22,0,1752,1.61,7
2130599,2022-06-30-22-10,Wimbledon,wta,2. round,grass,2,2,0.11,Panna Udvardy,Hungary,-,-,23,100,81,11,20,1,1,257,180,2,2,-7.99,0,1445,7.66,4,Elise Mertens,Belgium,179,67,26,31,12,15,13,2,3,381,210,28,24,-4.82,0,1787,1.11,5
2131393,2022-06-30-22-15,Wimbledon,atp,2. round,grass,2,2,0.23,Jordan Thompson,Australia,183,82,28,76,43,20,16,12,3,382,255,51,36,-1.95,0,1713,4.68,7,Stefanos Tsitsipas,Greece,193,89,23,5,3,41,13,7,2,418,196,21,17,-0.49,1,1942,1.23,7
2131733,2022-06-30-22-35,Wimbledon,wta,2. round,grass,1,1,1.44,Katie Boulter,Great Britain,182,68,25,118,82,19,8,8,3,251,157,32,25,8.93,1,1722,2.44,7,Karolina Pliskova,Czech Republic,186,72,30,7,1,9,10,3,2,624,342,64,30,-4.14,1,1887,1.61,6
2131403,2022-06-30-22-35,Wimbledon,wta,2. round,grass,2,1,-1,Vanessa Andreescu Bianca,Canada,170,60,22,56,4,12,6,5,2,171,70,18,10,3.02,0,-,1.77,7,Elena Rybakina,Kazakhstan,184,73,23,23,12,22,12,2,2,225,110,16,7,-6.49,0,1841,2.16,6
2131419,2022-06-30-22-55,Wimbledon,wta,2. round,grass,2,2,2.66,Sara Sorribes Tormo,Spain,176,69,25,45,32,16,10,2,1,364,228,21,16,0.16,1,1780,1.32,6,Harmony Tan,France,-,-,24,115,90,14,16,4,2,283,227,5,3,3.65,0,1527,3.66,5
2131089,2022-06-30-23-15,Wimbledon,wta,2. round,grass,2,2,0.64,Viktorija Golubic,Switzerland,169,56,29,58,35,14,16,4,3,432,266,28,23,-5.37,2,1723,2.39,5,Barbora Krejcikova,Czech Republic,178,62,26,14,2,10,6,1,1,376,195,5,6,-0.32,2,1746,1.64,5
2131235,2022-06-30-23-20,Wimbledon,atp,2. round,grass,1,2,-1,Cristian Garin,Chile,185,85,26,43,17,13,15,1,2,348,230,12,9,-1.99,0,1758,1.4,6,Hugo Grenier,France,196,85,26,141,136,17,22,4,2,335,228,4,2,-1.65,0,1519,3.21,6
2131809,2022-06-30-23-35,Wimbledon,wta,2. round,grass,2,1,-1,Harriet Dart,Great Britain,172,58,25,94,94,20,17,7,4,281,204,31,38,9.82,0,1578,3.66,7,Jessica Pegula,USA,170,70,28,9,8,24,12,1,0,344,212,16,15,4.09,0,1839,1.32,7
2131399,2022-07-01-00-30,Wimbledon,atp,2. round,grass,2,1,-1,Denis Shapovalov,Canada,185,75,23,16,10,17,14,1,3,255,161,21,17,2.55,0,1795,1.67,4,Brandon Nakashima,USA,185,77,20,56,54,19,16,8,3,145,83,12,6,-4.46,0,1758,2.36,7
2131407,2022-07-01-00-35,Wimbledon,wta,2. round,grass,1,2,-1,Magdalena Frech,Poland,-,-,24,92,86,17,18,3,3,347,219,29,17,-2.97,0,1582,1.42,4,Anna Schmiedlova Karolina,Slovakia,-,-,27,84,26,14,13,1,0,368,248,7,15,-1.48,1,1590,3.09,6
2131219,2022-07-01-00-45,Wimbledon,wta,2. round,grass,1,1,0.01,Iga Swiatek,Poland,176,65,21,1,1,45,3,1,0,205,51,8,5,9.53,0,2093,1.01,10,Lesley Pattinama Kerkhove,Netherlands,172,55,30,138,135,11,18,3,4,475,346,23,24,-9.05,0,-,23.0,3
2131557,2022-07-01-01-00,Wimbledon,atp,2. round,grass,1,2,-1,Ricardas Berankis,Lithuania,175,77,32,106,50,15,7,1,0,566,358,26,26,4.79,0,1666,12.3,7,Rafael Nadal,Spain,185,85,36,4,1,32,4,2,1,1166,244,76,25,6.67,1,1947,1.06,9
2131223,2022-07-01-01-05,Wimbledon,wta,2. round,grass,2,2,0.3,Lauren Davis,USA,157,55,28,102,26,15,13,3,3,338,244,34,30,2.26,0,1629,3.83,6,Amanda Anisimova,USA,180,59,20,25,21,26,10,3,1,140,76,8,6,6.05,0,1839,1.3,7
2131215,2022-07-01-01-10,Wimbledon,atp,2. round,grass,2,1,-1,Benjamin Bonzi,France,185,76,26,47,47,28,14,6,2,376,213,16,5,0.77,0,1782,1.64,6,Jenson Brooksby,USA,188,82,21,34,33,16,12,2,3,141,70,6,4,-2.71,1,1805,2.42,4
2131397,2022-07-01-01-55,Wimbledon,atp,2. round,grass,1,2,-1,Dennis Novak,Austria,183,80,28,153,85,19,18,4,0,472,266,23,10,-6.42,1,1576,2.75,6,Jason Kubler,Australia,178,74,29,99,91,36,10,4,0,401,182,17,10,7.62,0,1633,1.51,9
2131267,2022-07-01-02-00,Wimbledon,wta,2. round,grass,2,2,0.13,Kirsten Flipkens,Belgium,165,55,36,190,13,14,11,7,2,605,435,74,40,0.74,0,1679,7.04,7,Simona Halep,Romania,168,60,30,18,1,27,8,7,1,580,237,44,17,-1.6,5,1938,1.13,7
2131395,2022-07-01-02-05,Wimbledon,atp,2. round,grass,1,1,0.48,Maxime Cressy,USA,201,88,25,45,45,23,18,7,3,190,122,11,8,5.67,0,1592,1.48,7,Jack Sock,USA,191,88,29,103,8,27,11,11,2,330,245,30,18,1.49,0,1706,2.86,8
2131275,2022-07-01-02-10,Wimbledon,atp,2. round,grass,1,2,-1,Alex De Minaur,Australia,183,69,23,27,15,26,15,5,3,260,152,36,18,-2.3,0,1797,1.54,5,Jack Draper,Great Britain,191,80,20,94,94,31,8,6,3,149,61,9,10,10.91,0,1658,2.66,6
2131275,2022-07-01-03-20,Wimbledon,atp,2. round,grass,1,2,-1,Alex De Minaur,Australia,183,69,23,27,15,26,15,5,3,260,152,36,18,-2.3,0,1797,1.53,5,Jack Draper,Great Britain,191,80,20,94,94,31,8,6,3,149,61,9,10,10.91,0,1658,2.71,6
2131221,2022-07-01-04-15,Wimbledon,wta,2. round,grass,1,1,0.1,Cori Gauff,USA,176,59,18,12,12,24,12,4,1,110,55,14,4,-2.0,0,1918,1.1,8,Mihaela Buzarnescu,Romania,175,59,34,127,20,11,10,3,1,498,285,21,15,-3.58,0,1589,8.38,7
2132027,2022-07-01-20-00,Wimbledon,atp,3. round,grass,2,2,0.45,Nikoloz Basilashvili,Georgia,185,79,30,26,16,12,20,4,3,454,374,22,24,-5.89,0,1712,3.0,5,Tim Van Rijthoven,Netherlands,188,89,25,104,104,29,13,7,1,229,129,7,1,15.47,0,1715,1.45,8
2131947,2022-07-01-20-00,Wimbledon,wta,3. round,grass,2,2,0.23,Irina Begu,Romania,181,67,31,43,22,17,11,2,0,482,325,16,24,4.58,2,-,4.62,7,Jelena Ostapenko,Latvia,177,68,25,17,5,23,11,7,2,319,193,39,18,5.43,0,1897,1.23,8
2131771,2022-07-01-20-00,Wimbledon,wta,3. round,grass,2,1,-1,Lesya Tsurenko,Ukraine,174,67,33,101,23,21,10,9,1,465,305,37,28,1.67,0,-,2.38,8,Jule Niemeier,Germany,-,-,22,97,94,28,13,3,2,165,87,7,4,-0.08,0,1698,1.64,8
