match_id,time_stamp,title,tour,round,surface,winner,player1_H2H,prediction_roi,player1_odds,player1_latest_win,player2_H2H,player2_odds,player2_latest_win,player1_name,player1_country,player1_height,player1_weight,player1_age,player1_current_rank,player1_highest_rank,player1_year_total_win,player1_year_total_lose,player1_year_surface_win,player1_year_surface_lose,player1_career_total_win,player1_career_total_lose,player1_career_surface_win,player1_career_surface_lose,player1_roi,player1_elo,player2_name,player2_country,player2_height,player2_weight,player2_age,player2_current_rank,player2_highest_rank,player2_year_total_win,player2_year_total_lose,player2_year_surface_win,player2_year_surface_lose,player2_career_total_win,player2_career_total_lose,player2_career_surface_win,player2_career_surface_lose,player2_roi,player2_elo,predict,strong_predict
2243159,2022-11-18-19-10,Bratislava 6 ITF,wta,quarterfinal,indoors,1,0,-1,1.29,7,0,3.4,6,Nigina Abduraimova,Uzbekistan,-,-,28,192,144,43,27,11,6,333,229,54,42,9.82,1344,Kiara Toth Amarissa,Hungary,-,-,19,630,609,24,13,5,2,49,31,5,2,9.87,-,2,False
2243111,2022-11-18-19-30,Nules ITF,wta,quarterfinal,clay,1,0,1.33,2.33,5,0,1.56,5,Irene Lavino,Italy,-,-,24,929,821,22,23,22,23,87,86,77,74,0.19,-,Ines Murta,Portugal,-,-,25,812,546,18,16,11,8,176,179,76,63,-1.45,-,1,False
2243069,2022-11-18-20-00,Funchal ITF,wta,quarterfinal,hard,1,0,0.12,1.12,3,0,5.68,7,Emina Bektas,USA,-,-,29,357,188,19,21,12,7,175,141,135,88,-2.86,1358,Judith Visscher Stephanie,Netherlands,-,-,22,701,642,33,28,9,6,137,117,55,44,-6.63,-,1,False
2243097,2022-11-18-20-40,Helsinki challenger,atp,quarterfinal,indoors,2,0,0.85,1.99,6,0,1.85,7,Adrian Andreev,Bulgaria,180,66,21,220,211,48,29,13,6,151,91,14,17,6.64,1564,Jelle Sels,Netherlands,188,83,27,133,130,52,35,20,13,313,253,79,67,9.44,1537,2,False
2243115,2022-11-18-21-00,St. Etienne ITF,wta,quarterfinal,indoors,1,3,-1,1.5,4,0,2.48,6,Lesley Pattinama Kerkhove,Netherlands,172,55,31,222,135,33,33,8,8,497,361,130,104,-14.37,1463,Eden Silva,Great Britain,175,59,26,306,306,37,22,12,6,229,203,84,63,7.72,1196,2,False
2243129,2022-11-18-21-00,Funchal ITF,wta,quarterfinal,hard,2,0,-1,2.0,6,0,1.76,6,Eva Guerrero Alvarez,Spain,-,-,23,390,221,22,12,21,9,197,109,86,40,0.77,-,Alice Robbe,France,-,-,22,346,286,26,26,20,14,133,113,74,41,-6.77,1164,1,False
2243091,2022-11-18-21-40,Helsinki challenger,atp,quarterfinal,indoors,2,0,-1,2.02,5,0,1.82,6,Dimitar Kuzmanov,Bulgaria,193,77,29,206,158,38,26,3,4,525,264,15,30,1.76,1522,Leandro Riedi,Switzerland,-,-,20,277,252,45,19,18,6,75,44,39,18,4.84,1429,1,True
2243073,2022-11-18-22-00,Helsinki ITF,wta,semifinal,indoors,1,0,1.8,2.8,7,0,1.4,5,Taylor Ng,USA,-,-,27,421,411,40,25,6,2,96,58,12,5,0.17,-,Katarzyna Kawa,Poland,-,-,30,262,112,20,20,3,2,387,290,28,39,-0.7,1442,1,False
2243067,2022-11-18-22-00,Bratislava 6 ITF,wta,quarterfinal,indoors,1,0,-1,1.49,7,0,2.51,6,Ana Konjuh,Croatia,174,65,24,137,20,20,22,9,6,232,151,40,29,-5.63,1700,Nikola Bartunkova,Czech Republic,-,-,16,280,280,33,14,6,4,59,38,15,8,5.25,1505,2,False
2243057,2022-11-18-22-10,Helsinki challenger,atp,quarterfinal,indoors,1,0,0.71,1.71,6,0,2.18,4,Yannick Hanfmann,Germany,193,86,31,140,92,36,26,6,3,371,221,61,49,-0.53,1593,Mikhail Kukushkin,Kazakhstan,183,72,34,239,39,32,26,9,6,583,437,137,92,-1.16,1579,1,False
2243131,2022-11-18-22-30,Buenos Aires WTA,wta,quarterfinal,clay,2,0,0.68,2.25,7,1,1.68,8,Diana Shnaider,Russia,-,-,18,161,161,51,15,41,10,62,20,51,14,3.69,1535,Danka Kovinic,Montenegro,169,67,28,71,46,27,20,21,10,383,281,252,128,7.39,1685,2,False
2243185,2022-11-19-00-00,Lima 2 ITF,wta,quarterfinal,clay,2,1,-1,1.07,8,0,7.58,7,Herazo Gonzalez Maria,Colombia,-,-,25,389,317,34,24,21,12,242,163,197,122,-7.0,-,Yuliana Monroy,Colombia,-,-,24,678,678,12,18,8,6,48,55,29,29,-9.66,-,1,False
2243191,2022-11-19-00-00,St. Etienne ITF,wta,quarterfinal,indoors,2,0,0.39,2.84,6,0,1.39,7,Tess Sugnaux,Switzerland,-,-,27,706,413,29,31,10,8,359,300,127,96,-3.94,-,Emeline Dartron,France,-,-,22,816,434,18,20,10,6,111,97,24,22,-1.17,-,2,False
2243181,2022-11-19-00-00,Funchal ITF,wta,quarterfinal,hard,1,0,-1,2.14,6,0,1.66,5,Lena Papadakis,Germany,-,-,24,265,263,44,30,8,3,193,154,19,12,-10.47,-,Woo Ku Yeon,South Korea,-,-,19,428,421,20,15,14,11,86,42,58,29,-5.47,-,2,False
2243203,2022-11-19-00-05,Buenos Aires WTA,wta,quarterfinal,clay,1,0,-1,1.68,8,0,2.22,6,Panna Udvardy,Hungary,-,-,24,83,76,39,35,25,21,285,195,223,138,-12.23,1593,Sara Errani,Italy,164,58,35,108,5,33,26,21,13,644,456,351,195,2.39,1615,2,False
2243241,2022-11-19-01-00,Waco ITF,wta,quarterfinal,hard,1,0,-1,1.24,7,0,3.78,5,Victoria Hu,USA,-,-,20,835,835,18,14,12,10,52,48,20,21,-5.1,-,Alina Shcherbinina,Russia,-,-,19,1229,912,10,8,7,7,21,23,9,13,0.24,-,2,False
2243205,2022-11-19-01-00,Buenos Aires WTA,wta,quarterfinal,clay,2,0,-1,2.92,7,2,1.43,9,Laura Pigossi,Brazil,-,-,28,115,100,31,31,21,16,344,281,225,177,0.58,1477,Paula Ormaechea,Argentina,170,57,30,185,59,37,23,32,18,432,275,350,184,0.26,1433,1,False
2243209,2022-11-19-02-10,Champaign challenger,atp,quarterfinal,indoors,1,0,5.37,6.37,10,0,1.13,5,Ben Shelton,USA,-,-,20,108,108,38,11,22,2,59,19,28,4,10.95,1700,Prajnesh Gunneswaran,India,188,80,33,381,75,25,24,6,4,339,226,29,28,-9.6,1411,1,True
2243195,2022-11-19-02-15,Waco ITF,wta,quarterfinal,hard,2,0,-1,1.66,7,0,2.14,7,Veronica Miroshnichenko,Russia,-,-,25,679,601,34,7,17,7,121,55,62,28,5.84,-,Martina Okalova,Slovakia,-,-,25,1051,978,22,8,15,4,70,37,30,16,2.86,-,1,False
2243099,2022-11-19-03-15,Buenos Aires WTA,wta,quarterfinal,clay,1,0,1.83,2.83,6,1,1.45,8,Lourdes Carle Maria,Argentina,-,-,22,160,160,50,34,33,20,202,98,130,64,1.34,-,Victoria Jimenez Kasintseva,Andorra,-,-,17,121,121,30,17,8,6,68,46,40,28,-0.2,1480,1,False
2243225,2022-11-19-03-35,Champaign challenger,atp,quarterfinal,indoors,1,0,-1,1.65,6,0,2.3,6,Aleksandar Kovacevic,USA,183,76,24,174,165,40,30,14,8,119,98,31,23,4.03,1491,Steve Johnson,USA,188,86,32,113,21,33,27,2,1,388,299,37,33,-1.11,1648,2,True
2243271,2022-11-19-05-05,Champaign challenger,atp,quarterfinal,indoors,1,0,-1,1.09,8,0,8.28,5,Christopher Eubanks,USA,201,82,26,129,120,42,25,13,5,185,147,40,24,-0.4,1648,Evan Zhu,USA,185,70,24,312,311,44,30,5,4,175,154,10,16,5.24,1275,2,True
2237469,2022-11-19-05-10,Masters Cup ATP,atp,-,indoors,2,7,1.51,1.6,6,5,2.51,7,Stefanos Tsitsipas,Greece,193,89,24,3,3,61,23,18,8,438,206,80,44,-1.54,1998,Andrey Rublev,Russia,188,70,25,7,5,50,19,17,5,390,212,113,60,2.33,1977,2,False
2243201,2022-11-19-07-55,Champaign challenger,atp,quarterfinal,indoors,2,0,-1,2.96,6,0,1.42,7,Nicolas Alvarez Varona,Spain,188,80,21,227,219,24,32,8,7,153,119,8,8,-4.94,1446,Aleksandar Vukic,Australia,188,84,26,141,117,25,22,10,3,241,182,41,25,-5.18,1505,1,False
2243273,2022-11-19-09-00,Traralgon 2 ITF,wta,semifinal,hard,2,4,-1,1.35,6,1,3.05,7,Destanee Aiava,Australia,175,70,22,402,147,44,12,39,10,195,118,146,84,-0.53,-,Naiktha Bains,Great Britain,-,-,24,358,199,23,23,21,18,204,220,124,140,-3.59,-,1,False
2243371,2022-11-19-10-10,Tokyo 4 ITF,wta,semifinal,indoors,2,0,0.68,2.11,9,0,1.68,5,Na-Lae Han,South Korea,165,58,30,178,149,48,17,3,0,399,262,10,9,5.37,-,Moyuka Uchijima,Japan,-,-,21,106,105,53,27,10,3,152,96,16,6,6.05,1520,2,False
2243287,2022-11-19-12-00,Tokyo 4 ITF,wta,semifinal,indoors,1,0,-1,1.46,7,0,2.59,8,Xinyu Wang,China,182,75,21,99,68,29,27,14,7,165,110,38,18,-11.67,1619,Katarina Zavatska,Ukraine,172,63,22,340,103,21,14,3,0,211,142,30,23,4.66,1520,2,False
2243375,2022-11-19-12-45,Kobe challenger,atp,semifinal,indoors,2,2,1.08,1.78,9,0,2.08,7,Christopher O'Connell,Australia,183,78,28,84,84,50,24,3,0,338,194,17,9,4.01,-,Yosuke Watanuki,Japan,180,63,24,195,171,33,22,12,6,173,118,54,26,4.23,1592,2,False
2243379,2022-11-19-14-40,Kobe challenger,atp,semifinal,indoors,1,0,0.99,1.99,6,0,1.85,7,Ferreira Silva Frederico,Portugal,178,74,27,291,168,29,24,7,2,449,266,28,20,-0.65,-,Nino Serdarusic,Croatia,191,85,25,256,167,29,34,4,6,317,265,33,48,-5.96,1415,1,False
2243389,2022-11-19-17-00,Heraklion 10 ITF,wta,semifinal,clay,2,0,-1,1.4,7,0,2.82,5,Katharina Hobgarski,Germany,171,56,25,206,193,47,21,46,17,284,155,236,110,3.82,-,Lina Gjorcheska,Macedonia,-,-,28,295,170,34,21,22,14,395,211,298,145,-0.14,1406,1,False
2243471,2022-11-19-17-30,Nairobi 2 ITF,wta,semifinal,clay,1,0,-1,2.72,4,0,1.42,7,Angella Okutoyi,Kenya,-,-,18,-,-,5,6,3,1,9,13,3,1,-1.0,-,Caroline Romeo,France,-,-,28,858,401,20,19,6,7,293,229,59,51,1.77,-,2,False
2243457,2022-11-19-18-00,Nules ITF,wta,semifinal,clay,1,0,0.1,1.1,9,0,6.54,6,Alina Charaeva,Russia,-,-,20,883,317,10,3,8,0,73,37,37,16,2.83,-,Irene Lavino,Italy,-,-,24,929,821,23,23,23,23,88,86,78,74,1.46,-,1,False
2243437,2022-11-19-18-30,Heraklion 10 ITF,wta,semifinal,clay,1,0,-1,1.39,7,0,2.86,8,Bianca Bulgaru Miriam,Romania,-,-,24,281,281,46,28,39,23,241,154,205,119,3.16,-,Julia Terziyska,Bulgaria,180,69,26,532,306,43,13,15,6,278,145,67,50,6.78,-,2,False
2243403,2022-11-19-19-00,Nules ITF,wta,semifinal,clay,1,0,-1,2.27,9,1,1.59,7,Noelia Bouzo Zanotti,Spain,-,-,23,751,710,30,23,20,16,177,143,143,114,-6.7,-,Mihaela Djakovic,Serbia,-,-,20,1249,671,10,6,7,4,117,99,52,47,-1.78,-,2,False
