match_id,time_stamp,title,tour,round,surface,winner,predict,prediction_roi,player1_name,player1_country,player1_height,player1_weight,player1_age,player1_current_rank,player1_highest_rank,player1_year_total_win,player1_year_total_lose,player1_year_surface_win,player1_year_surface_lose,player1_career_total_win,player1_career_total_lose,player1_career_surface_win,player1_career_surface_lose,player1_roi,player1_H2H,player1_elo,player1_odds,player1_latest_win,player2_name,player2_country,player2_height,player2_weight,player2_age,player2_current_rank,player2_highest_rank,player2_year_total_win,player2_year_total_lose,player2_year_surface_win,player2_year_surface_lose,player2_career_total_win,player2_career_total_lose,player2_career_surface_win,player2_career_surface_lose,player2_roi,player2_H2H,player2_elo,player2_odds,player2_latest_win,strong_predict
2114873,2022-06-10-20-40,Stuttgart,atp,quarterfinal,grass,2,2,0.43,Lorenzo Sonego,Italy,191,76,27,32,21,14,14,2,0,331,213,15,9,-7.02,0,1718,3.1,5,Matteo Berrettini,Italy,196,95,26,10,6,10,6,1,0,302,145,28,8,-0.56,2,1966,1.43,6
2114925,2022-06-10-20-45,Hertogenbosch,atp,quarterfinal,grass,1,1,0.99,Adrian Mannarino,France,180,79,33,70,22,13,16,2,1,626,489,79,51,5.07,1,1708,1.99,3,Brandon Nakashima,USA,185,77,20,64,62,15,14,4,1,141,81,8,4,-3.76,1,1712,1.92,7
2114865,2022-06-10-20-50,Hertogenbosch,wta,quarterfinal,grass,1,2,-1,Aryna Sabalenka,Belarus,182,80,24,6,2,17,12,2,0,296,151,25,14,-3.2,1,1920,1.47,7,Alison Van Uytvanck,Belgium,173,63,28,46,37,15,10,7,0,373,250,43,28,-2.66,1,1724,2.91,8
2114555,2022-06-10-21-05,Valencia WTA,wta,quarterfinal,clay,1,1,0.41,Xiyu Wang,China,181,66,21,111,103,26,13,19,7,144,91,48,25,-1.04,0,1644,1.41,7,Viktoriya Tomova,Bulgaria,170,58,27,131,103,23,17,13,9,429,291,245,158,-3.01,0,1507,3.01,6
2115145,2022-06-10-21-35,Nottingham,wta,quarterfinal,grass,2,2,2.21,Maria Sakkari,Greece,172,62,26,5,3,22,10,2,0,401,261,18,12,-0.55,0,1904,1.4,6,Beatriz Haddad Maia,Brazil,185,78,26,48,48,28,12,2,0,388,189,15,10,6.27,2,1709,3.21,8
2115115,2022-06-10-22-55,Hertogenbosch,atp,quarterfinal,grass,2,2,0.38,Karen Khachanov,Russia,198,87,26,23,8,20,14,2,0,343,237,24,15,-2.2,1,1820,3.35,7,Felix Auger Aliassime,Canada,193,88,21,9,9,27,13,1,0,252,149,19,8,4.17,1,1916,1.38,7
2114983,2022-06-10-23-05,Hertogenbosch,wta,quarterfinal,grass,1,1,0.33,Ekaterina Alexandrova,Russia,180,66,27,30,25,19,11,2,0,400,231,19,13,-0.29,0,1808,1.33,7,Caty McNally,USA,167,51,20,229,105,10,12,4,0,110,86,18,6,-4.17,1,-,3.68,5
2114971,2022-06-10-23-15,Stuttgart,atp,quarterfinal,grass,2,2,1.41,Stefanos Tsitsipas,Greece,193,89,23,5,3,35,11,1,0,412,194,15,15,-0.71,1,1958,1.64,8,Andy Murray,Great Britain,190,83,35,68,1,17,9,5,1,823,276,113,33,0.2,0,1801,2.41,7
2114985,2022-06-11-00-05,Hertogenbosch,wta,quarterfinal,grass,1,1,0.54,Shelby Rogers,USA,175,70,29,42,36,10,11,2,0,293,236,17,21,4.44,1,1719,1.54,4,Kirsten Flipkens,Belgium,165,55,36,308,13,9,9,2,0,600,433,69,38,-0.95,1,1673,2.67,5
2115147,2022-06-11-00-25,Nottingham,wta,quarterfinal,grass,1,2,-1,Alison Riske,USA,175,66,31,40,18,14,10,2,0,409,326,81,35,3.24,0,1795,1.26,6,Harriet Dart,Great Britain,172,58,25,114,99,15,14,2,1,276,201,26,35,8.79,0,1566,4.33,3
2115117,2022-06-11-01-25,Hertogenbosch,atp,quarterfinal,grass,1,2,-1,Daniil Medvedev,Russia,198,83,26,2,1,20,7,1,0,407,172,36,16,-2.96,4,1924,1.21,7,Ilya Ivashka,Belarus,193,84,28,49,41,10,11,2,0,343,216,17,12,-1.6,1,1776,5.08,5
2114987,2022-06-11-01-40,Valencia WTA,wta,quarterfinal,clay,1,1,0.09,Qinwen Zheng,China,-,-,19,54,54,22,9,6,3,122,48,50,16,5.37,0,1736,1.09,6,Reka-Luca Jani,Hungary,161,58,30,138,128,33,17,28,13,577,324,480,236,-0.8,0,-,8.22,5
2115149,2022-06-11-03-05,Nottingham,wta,quarterfinal,grass,2,1,-1,Ajla Tomljanovic,Australia,180,67,29,45,38,14,14,2,0,363,279,31,24,-4.19,2,1732,1.56,6,Viktorija Golubic,Switzerland,169,56,29,55,35,12,13,2,0,430,263,26,20,-4.37,0,1718,2.61,4
2114989,2022-06-11-03-50,Valencia WTA,wta,quarterfinal,clay,1,2,-1,Nuria Parrizas-Diaz,Spain,-,-,30,51,45,16,13,8,6,501,308,132,114,2.35,0,-,1.53,6,Julia Grabher,Austria,170,60,25,153,148,28,16,16,9,319,196,278,151,9.34,0,1498,2.58,7
2115245,2022-06-11-19-10,Hertogenbosch,wta,semifinal,grass,1,2,-1,Ekaterina Alexandrova,Russia,180,66,27,30,25,20,11,3,0,401,231,20,13,0.02,0,1808,1.87,7,Veronika Kudermetova,Russia,175,63,25,24,22,23,11,3,0,294,195,16,11,15.93,2,1794,2.04,7
2115355,2022-06-11-19-30,Stuttgart,atp,semifinal,grass,2,2,0.41,Oscar Otte,Germany,193,79,28,61,53,16,15,2,0,444,249,11,7,-0.47,0,1710,3.15,7,Matteo Berrettini,Italy,196,95,26,10,6,11,6,2,0,303,145,29,8,-0.13,2,1966,1.41,6
2115343,2022-06-11-20-00,Nottingham,wta,semifinal,grass,1,1,1.13,Beatriz Haddad Maia,Brazil,185,78,26,48,48,29,12,3,0,389,189,16,10,8.24,2,1709,2.13,8,Tereza Martincova,Czech Republic,179,64,27,60,40,11,12,3,0,415,315,22,18,1.43,0,1722,1.8,5
2115367,2022-06-11-20-30,Hertogenbosch,wta,semifinal,grass,1,2,-1,Aryna Sabalenka,Belarus,182,80,24,6,2,18,12,3,0,297,151,26,14,-2.79,0,1920,1.35,8,Shelby Rogers,USA,175,70,29,42,36,11,11,3,0,294,236,18,21,4.93,0,1719,3.52,5
