match_id,time_stamp,title,tour,round,surface,winner,predict,prediction_roi,player1_name,player1_country,player1_height,player1_weight,player1_age,player1_current_rank,player1_highest_rank,player1_year_total_win,player1_year_total_lose,player1_year_surface_win,player1_year_surface_lose,player1_career_total_win,player1_career_total_lose,player1_career_surface_win,player1_career_surface_lose,player1_roi,player1_H2H,player1_elo,player1_odds,player1_latest_win,player2_name,player2_country,player2_height,player2_weight,player2_age,player2_current_rank,player2_highest_rank,player2_year_total_win,player2_year_total_lose,player2_year_surface_win,player2_year_surface_lose,player2_career_total_win,player2_career_total_lose,player2_career_surface_win,player2_career_surface_lose,player2_roi,player2_H2H,player2_elo,player2_odds,player2_latest_win,strong_predict
2055512,2022-03-17-03-10,Indian Wells,atp,round of 16,hard,2,2,1.98,Matteo Berrettini,Italy,196,95,25,6,6,9,5,8,4,301,144,122,58,0.16,0,1970,1.45,7,Miomir Kecmanovic,Serbia,183,75,22,61,38,14,5,7,2,222,144,93,61,7.57,0,1713,2.98,8
2055162,2022-03-17-04-35,Indian Wells,atp,round of 16,hard,2,2,1.04,Jannik Sinner,Italy,188,76,20,10,9,13,2,11,2,183,93,60,32,1.14,0,1991,1.87,8,Nick Kyrgios,Australia,193,85,26,132,13,4,1,4,1,261,146,161,88,2.11,0,-,2.04,4
2055532,2022-03-17-03-10,Indian Wells,atp,round of 16,hard,1,2,-1,Harry Fritz Taylor,USA,193,86,24,20,16,10,4,8,3,281,193,177,106,1.51,1,-,1.71,7,Alex De Minaur,Australia,183,69,23,31,15,11,4,7,3,245,141,117,61,2.63,4,1834,2.26,7
2054934,2022-03-17-06-00,Indian Wells,atp,round of 16,hard,1,1,0.26,Rafael Nadal,Spain,185,85,35,4,1,17,0,17,0,1151,240,472,124,5.97,1,2045,1.26,10,Reilly Opelka,USA,211,102,24,17,17,13,4,9,4,212,159,103,80,4.28,0,1876,4.34,9
2055548,2022-03-17-08-00,Indian Wells,atp,round of 16,hard,1,1,0.52,Andrey Rublev,Russia,188,70,24,7,5,16,2,9,1,356,195,136,70,4.61,1,1994,1.52,10,Hubert Hurkacz,Poland,196,81,25,11,9,10,4,9,3,285,177,140,64,1.15,2,1889,2.73,7
2055540,2022-03-17-06-30,Indian Wells,atp,round of 16,hard,2,2,1.11,John Isner,USA,208,108,36,23,8,6,6,4,5,543,341,333,175,-1.75,2,1820,1.82,5,Grigor Dimitrov,Bulgaria,191,81,30,35,3,6,4,6,4,524,316,221,134,-0.48,1,1847,2.11,6
2055530,2022-03-17-07-00,Indian Wells,wta,quarterfinal,hard,1,1,0.17,Simona Halep,Romania,168,60,30,26,1,14,3,14,3,567,232,254,110,0.82,2,1984,1.17,7,Petra Martic,Croatia,181,63,31,79,14,6,4,5,3,394,279,146,122,6.12,1,1724,5.98,6
2054926,2022-03-17-10-15,Indian Wells,atp,round of 16,hard,2,1,-1,Gael Monfils,France,193,85,35,28,6,10,3,10,2,628,347,238,135,6.24,0,1852,3.37,7,Carlos Alcaraz,Spain,185,72,18,19,19,10,1,4,1,126,39,32,11,2.76,0,2022,1.37,9
2055538,2022-03-17-10-05,Indian Wells,wta,quarterfinal,hard,1,2,-1,Iga Swiatek,Poland,176,65,20,4,4,17,3,17,3,177,51,66,26,5.05,1,2068,1.3,9,Madison Keys,USA,178,66,27,29,7,14,4,14,4,322,177,198,111,5.86,0,1901,3.92,7
